Player,Team,Pos,Age,G,AB,R,H,2B,3B,HR,RBI,SB,CS,BB,SO,SH,SF,HBP,AVG,OBP,SLG,OPS
Marcus Semien,OAK,SS,29,18,78,11,16,1,1,1,4,2,0,5,24,0,0,0,.205,.253,.282,.535
Jose Abreu,CWS,1B,33,18,76,11,21,5,0,3,11,0,0,2,17,0,0,1,.276,.304,.461,.765
Jose Altuve,HOU,2B,30,17,75,13,14,2,0,3,8,2,2,7,17,0,0,1,.187,.265,.333,.598
Salvador Perez,KC,C,30,18,74,8,23,5,0,3,9,0,0,2,14,0,1,0,.311,.325,.500,.825
Ketel Marte,ARI,2B,26,18,73,10,24,6,0,1,6,0,0,2,8,0,1,1,.329,.351,.452,.803
Matt Chapman,OAK,3B,27,18,73,12,19,3,2,6,14,0,0,4,25,0,0,0,.260,.299,.603,.902
David Fletcher,LAA,2B,26,18,72,11,22,6,0,3,9,2,0,11,12,0,2,0,.306,.388,.514,.902
Yoan Moncada,CWS,3B,25,17,72,8,20,4,0,3,7,0,0,7,23,0,0,0,.278,.342,.458,.800
Cody Bellinger,LAD,1B,25,17,72,11,12,1,0,2,6,1,0,5,11,0,0,0,.167,.221,.264,.485
Fernando Tatis,SD,SS,21,18,72,16,24,4,1,8,18,5,0,9,25,0,0,0,.333,.407,.750,1.157
Whit Merrifield,KC,2B,31,18,72,15,21,3,0,4,11,2,2,3,12,0,0,4,.292,.354,.500,.854
Francisco Lindor,CLE,SS,26,18,71,7,16,3,0,3,9,0,1,4,15,0,0,2,.225,.286,.394,.680
Dansby Swanson,ATL,SS,26,19,71,14,18,4,0,2,14,3,0,3,25,0,0,2,.254,.303,.394,.697
Kyle Lewis,SEA,OF,25,18,70,13,25,1,0,4,13,1,0,9,23,0,0,0,.357,.430,.543,.973
Jose Ramirez,CLE,3B,27,18,70,12,18,2,1,4,12,1,0,7,15,0,0,1,.257,.333,.486,.819
Max Muncy,LAD,2B,29,18,70,9,13,2,0,4,5,0,0,9,20,0,0,3,.186,.305,.386,.691
Maikel Franco,KC,3B,27,18,70,11,18,7,0,4,11,0,0,2,14,0,1,0,.257,.274,.529,.803
Jorge Polanco,MIN,SS,27,18,69,9,20,1,0,2,7,1,2,3,9,0,0,0,.290,.319,.391,.710
Manny Machado,SD,SS,28,18,69,12,16,3,0,5,13,2,0,9,16,0,0,0,.232,.321,.493,.814
Hanser Alberto,BAL,2B,27,16,69,14,24,9,0,2,9,1,0,1,6,0,0,1,.348,.366,.565,.931
Alex Bregman,HOU,SS,26,17,69,9,16,6,0,4,12,0,0,11,11,0,0,1,.232,.346,.493,.839
Adalberto Mondesi,KC,SS,25,18,69,7,17,5,1,0,2,4,3,2,22,0,0,0,.246,.268,.348,.616
Luis Robert,CWS,OF,23,18,68,9,19,4,0,2,6,4,1,6,25,0,0,0,.279,.338,.426,.764
Charlie Blackmon,COL,OF,34,17,68,18,34,6,0,3,20,0,0,5,8,0,1,0,.500,.527,.721,1.248
Kyle Seager,SEA,3B,32,19,68,11,21,6,0,3,18,2,0,7,7,0,1,2,.309,.385,.529,.914
Justin Turner,LAD,3B,35,18,68,9,17,6,1,1,12,0,0,7,13,0,1,3,.250,.342,.412,.754
Nelson Cruz,MIN,DH,40,18,67,13,22,3,0,4,16,0,0,5,20,0,0,2,.328,.392,.552,.944
Jorge Soler,KC,OF,28,18,67,10,19,2,0,5,10,0,0,8,21,0,1,2,.284,.372,.537,.909
J.P. Crawford,SEA,SS,25,18,67,15,19,1,2,0,5,3,1,11,9,0,0,1,.284,.392,.358,.750
Shed Long,SEA,2B,24,18,67,5,13,4,0,1,4,3,0,7,19,0,0,0,.194,.270,.299,.569
Yuli Gurriel,HOU,1B,36,17,67,10,18,5,0,3,7,0,0,8,11,0,1,2,.269,.359,.478,.837
Pete Alonso,NYM,1B,25,18,66,7,13,1,0,2,7,0,0,10,24,0,0,3,.197,.329,.303,.632
Ronald Acuna,ATL,OF,22,18,66,12,17,5,0,4,9,1,1,11,25,0,0,1,.258,.372,.515,.887
Evan White,SEA,1B,24,18,66,2,7,2,0,1,5,0,0,5,31,0,1,0,.106,.167,.182,.349
Marcell Ozuna,ATL,OF,29,19,66,11,18,5,0,4,11,0,0,11,23,0,1,0,.273,.372,.530,.902
Mike Yastrzemski,SF,OF,29,19,66,17,19,6,1,4,12,1,0,17,17,0,0,0,.288,.434,.591,1.025
Trevor Story,COL,SS,27,17,66,18,19,0,0,6,11,4,1,10,11,0,0,0,.288,.382,.561,.943
Max Kepler,MIN,OF,27,17,66,11,15,4,0,5,12,1,0,9,14,0,1,0,.227,.316,.515,.831
Eduardo Escobar,ARI,2B,31,17,65,8,11,0,1,1,7,0,0,4,18,0,0,1,.169,.229,.246,.475
Tommy Pham,SD,OF,32,18,65,7,14,1,0,1,8,5,0,11,11,0,0,1,.215,.338,.277,.615
Michael Conforto,NYM,OF,27,18,65,7,20,3,0,3,9,2,2,9,18,0,0,1,.308,.400,.492,.892
David Dahl,COL,OF,26,16,65,8,14,2,1,0,7,1,0,4,17,0,1,0,.215,.257,.277,.534
Freddie Freeman,ATL,1B,30,19,64,16,17,5,1,3,12,0,0,11,14,0,0,0,.266,.373,.516,.889
Mookie Betts,LAD,OF,27,17,64,9,18,6,0,4,10,1,0,6,9,0,0,0,.281,.343,.563,.906
Cesar Hernandez,CLE,2B,30,17,63,9,18,5,0,0,7,0,0,10,19,0,0,1,.286,.392,.365,.757
Wilmer Flores,SF,2B,29,17,63,7,17,2,0,4,9,0,0,2,9,0,1,1,.270,.299,.492,.791
J.D. Martinez,BOS,OF,32,16,63,7,14,7,0,1,4,0,0,7,16,0,0,1,.222,.310,.381,.691
Carlos Correa,HOU,SS,25,17,63,5,21,4,0,2,8,0,0,8,17,0,0,1,.333,.417,.492,.909
Anthony Santander,BAL,OF,25,16,63,12,17,5,1,3,15,0,1,2,9,0,0,1,.270,.303,.524,.827
Kyle Tucker,HOU,OF,23,16,63,12,13,5,1,1,9,3,0,3,19,0,0,0,.206,.242,.365,.607
Trent Grisham,SD,OF,23,18,63,13,14,2,1,4,7,3,1,15,20,0,0,0,.222,.372,.476,.848
Matt Olson,OAK,1B,26,18,62,10,9,0,0,5,13,0,0,16,19,0,0,0,.145,.321,.387,.708
Adam Frazier,PIT,2B,28,15,62,5,11,1,0,2,4,1,0,4,11,0,0,1,.177,.239,.290,.529
Wil Myers,SD,OF,29,17,62,9,16,4,1,5,12,1,0,5,21,0,0,1,.258,.324,.597,.921
Christian Walker,ARI,1B,29,17,62,9,18,8,0,1,11,0,0,4,15,0,0,1,.290,.343,.468,.811
Aaron Judge,NYY,OF,28,17,62,16,18,2,0,9,20,0,0,3,18,0,0,2,.290,.343,.758,1.101
Nick Castellanos,CIN,OF,28,17,62,14,18,4,1,7,16,0,2,7,19,0,0,2,.290,.380,.726,1.106
Eddie Rosario,MIN,OF,28,17,62,13,14,2,0,6,16,0,0,7,9,0,0,0,.226,.304,.548,.852
Josh Bell,PIT,1B,28,16,61,7,13,1,0,2,5,0,0,3,20,0,1,0,.213,.246,.328,.574
Nolan Arenado,COL,3B,29,16,61,8,15,1,0,4,9,0,0,7,4,0,2,0,.246,.314,.459,.773
Josh Reddick,HOU,OF,33,17,61,7,17,5,1,1,6,0,0,6,11,0,0,0,.279,.343,.443,.786
Elvis Andrus,TEX,SS,31,16,61,4,10,3,0,0,3,3,1,6,8,0,0,0,.164,.239,.213,.452
Franmil Reyes,CLE,OF,25,17,61,5,16,3,0,2,10,0,0,3,20,0,0,0,.262,.297,.410,.707
Ramon Laureano,OAK,OF,26,18,60,11,16,2,1,3,10,1,1,10,23,0,2,6,.267,.410,.483,.893
Eloy Jimenez,CWS,OF,23,16,60,6,14,2,0,4,12,0,0,3,15,0,1,0,.233,.266,.467,.733
Keston Hiura,MIL,2B,24,15,60,6,15,1,0,4,8,2,0,4,23,0,1,2,.250,.313,.467,.780
David Peralta,ARI,OF,32,18,60,5,18,2,1,1,11,0,0,8,10,0,1,0,.300,.377,.417,.794
DJ LeMahieu,NYY,2B,32,16,60,12,24,1,0,2,7,0,0,5,6,0,0,1,.400,.455,.517,.972
Starling Marte,ARI,OF,31,17,60,11,21,5,0,1,5,2,2,6,11,0,0,3,.350,.435,.483,.918
Mike Trout,LAA,OF,29,14,59,12,19,1,0,7,14,0,0,4,17,0,1,1,.322,.369,.695,1.064
Leury Garcia,CWS,OF,29,16,59,6,16,1,0,3,8,0,0,4,9,0,0,0,.271,.317,.441,.758
Donovan Solano,SF,2B,32,16,59,9,27,9,0,1,15,0,0,3,9,0,1,0,.458,.476,.661,1.137
Nick Ahmed,ARI,SS,30,18,59,8,11,0,0,2,6,2,0,6,12,0,0,0,.186,.262,.288,.550
Renato Nunez,BAL,1B,26,16,59,14,18,5,0,5,13,0,0,8,19,0,0,0,.305,.388,.644,1.032
Jonathan Schoop,DET,2B,28,15,59,10,14,1,0,3,8,0,0,1,19,0,2,2,.237,.266,.407,.673
Brandon Lowe,TB,2B,26,17,58,10,16,5,2,3,11,0,0,5,17,0,0,2,.276,.354,.586,.940
Amed Rosario,NYM,SS,24,14,58,8,12,1,1,1,4,0,0,0,11,0,0,0,.207,.207,.310,.517
Yandy Diaz,TB,3B,29,17,57,5,13,2,0,0,2,0,0,13,10,0,0,0,.228,.371,.263,.634
Rafael Devers,BOS,3B,23,15,57,8,10,4,0,2,3,0,0,3,21,0,0,2,.175,.242,.351,.593
Mark Canha,OAK,OF,31,17,57,7,14,2,0,1,9,1,0,11,19,0,1,4,.246,.397,.333,.730
Kole Calhoun,ARI,OF,32,16,57,8,12,4,0,4,11,0,1,7,16,0,0,3,.211,.328,.491,.819
Eugenio Suarez,CIN,3B,29,17,57,6,7,2,0,2,6,0,0,12,21,0,0,1,.123,.286,.263,.549
Xander Bogaerts,BOS,SS,27,17,56,11,16,4,0,3,10,2,0,8,11,0,0,0,.286,.375,.518,.893
Michael Brantley,HOU,OF,33,15,56,10,16,6,0,1,8,1,0,8,9,0,0,0,.286,.375,.446,.821
Todd Frazier,TEX,3B,34,16,56,7,17,5,0,2,5,1,0,5,12,0,0,1,.304,.371,.500,.871
Alex Gordon,KC,OF,36,17,56,5,10,2,0,1,4,0,0,5,12,0,0,1,.179,.258,.268,.526
Cavan Biggio,TOR,2B,25,14,56,8,12,1,0,4,8,2,0,7,13,0,0,0,.214,.302,.446,.748
Austin Hays,BAL,OF,25,16,56,7,12,0,0,1,5,2,2,4,11,0,1,2,.214,.286,.268,.554
Javier Baez,CHC,SS,27,14,55,7,14,3,0,3,9,0,0,2,17,0,1,1,.255,.288,.473,.761
Brandon Nimmo,NYM,OF,27,18,55,12,12,2,0,2,5,1,0,16,16,0,0,4,.218,.427,.364,.791
J.D. Davis,NYM,3B,27,17,55,9,18,1,0,3,11,0,0,8,16,0,1,2,.327,.424,.509,.933
Trea Turner,WAS,SS,27,14,55,5,14,2,0,3,6,0,3,3,8,0,1,0,.255,.288,.455,.743
Christian Yelich,MIL,OF,28,14,55,9,9,2,1,4,9,0,1,9,21,0,0,0,.164,.281,.455,.736
Niko Goodrum,DET,2B,28,15,55,6,13,3,1,3,10,0,0,4,22,0,2,0,.236,.279,.491,.770
Teoscar Hernandez,TOR,OF,27,14,54,7,15,4,0,4,7,2,1,2,18,0,1,0,.278,.298,.574,.872
Christian Vazquez,BOS,C,29,15,54,7,14,2,0,4,11,0,0,2,16,0,0,0,.259,.286,.519,.805
Vladimir Guerrero,TOR,3B,21,14,54,4,12,4,0,1,4,0,0,4,10,0,0,0,.222,.276,.352,.628
Ryan McMahon,COL,2B,25,15,54,7,11,2,1,1,5,0,1,7,25,0,1,0,.204,.290,.333,.623
Jeff McNeil,NYM,2B,28,15,53,5,17,4,0,0,7,0,1,5,9,0,2,2,.321,.387,.396,.783
Gleyber Torres,NYY,2B,23,16,53,5,8,1,0,1,2,0,0,6,12,0,0,1,.151,.250,.226,.476
Bryan Reynolds,PIT,OF,25,16,53,10,10,3,1,0,0,1,0,9,18,0,0,0,.189,.306,.283,.589
Yasmani Grandal,CWS,C,31,15,53,4,13,3,0,0,9,0,0,10,22,0,2,0,.245,.354,.302,.656
Enrique Hernandez,LAD,2B,28,16,53,10,14,3,1,1,6,0,0,1,13,0,0,1,.264,.291,.415,.706
Justin Upton,LAA,OF,32,15,53,3,6,0,0,2,6,0,0,5,20,0,1,1,.113,.200,.226,.426
Daniel Murphy,COL,1B,35,15,53,6,19,2,0,3,13,0,0,3,14,0,0,0,.358,.393,.566,.959
Miguel Cabrera,DET,1B,37,15,53,6,10,1,0,4,8,0,0,7,14,0,1,1,.189,.290,.434,.724
Jose Peraza,BOS,2B,26,15,53,2,13,3,0,0,3,0,1,2,8,0,0,1,.245,.286,.302,.588
Colin Moran,PIT,3B,27,15,53,10,12,1,0,5,7,0,0,5,16,0,0,1,.226,.305,.528,.833
Chris Taylor,LAD,2B,29,18,52,4,13,0,1,1,8,1,1,10,13,0,0,1,.250,.381,.346,.727
Gio Urshela,NYY,3B,28,16,52,10,15,4,0,3,13,1,0,7,10,0,1,0,.288,.367,.538,.905
Wilson Ramos,NYM,C,33,15,52,4,10,2,0,1,3,0,0,5,13,0,0,1,.192,.276,.288,.564
Marwin Gonzalez,MIN,3B,31,15,52,5,15,0,0,2,4,0,0,5,11,0,0,1,.288,.362,.404,.766
Starlin Castro,WAS,2B,30,14,52,8,15,3,1,1,3,0,0,2,12,0,0,0,.288,.315,.442,.757
Nick Solak,TEX,DH,25,15,52,6,15,3,0,0,7,3,0,6,7,0,0,1,.288,.373,.346,.719
Kevin Newman,PIT,2B,27,13,52,4,13,2,0,1,6,0,1,2,7,1,0,0,.250,.278,.346,.624
Luis Arraez,MIN,2B,23,15,51,5,11,1,0,0,4,0,0,6,8,0,1,0,.216,.293,.235,.528
Carlos Santana,CLE,1B,34,18,51,9,10,1,0,1,3,0,0,24,13,0,0,0,.196,.453,.275,.728
Albert Pujols,LAA,1B,40,13,51,7,10,1,0,3,8,0,0,4,8,0,0,0,.196,.255,.392,.647
Joey Votto,CIN,1B,36,14,50,8,11,1,0,3,8,0,0,11,3,0,0,0,.220,.361,.420,.781
A.J. Pollock,LAD,OF,32,16,50,6,14,4,0,4,9,0,0,3,13,0,0,0,.280,.321,.600,.921
Alex Verdugo,BOS,OF,24,15,50,6,13,0,0,3,5,0,0,4,12,0,0,1,.260,.327,.440,.767
Isiah Kiner-Falefa,TEX,C,25,14,50,8,16,2,2,0,2,4,1,3,8,0,0,0,.320,.358,.440,.798
Joey Gallo,TEX,OF,26,15,50,8,11,3,0,4,10,2,0,10,20,0,0,2,.220,.371,.520,.891
Corey Seager,LAD,SS,26,13,50,10,17,4,0,3,7,0,0,3,5,0,0,1,.340,.389,.600,.989
Shohei Ohtani,LAA,P,26,14,49,8,11,3,0,4,10,2,0,5,16,0,0,0,.224,.296,.531,.827
Bo Bichette,TOR,SS,22,11,49,6,14,4,0,3,9,2,0,2,9,0,0,0,.286,.314,.551,.865
Brandon Crawford,SF,SS,33,17,49,5,10,0,0,0,3,0,1,3,10,0,0,1,.204,.264,.204,.468
Jackie Bradley,BOS,OF,30,16,49,5,11,2,0,0,3,0,0,5,15,0,0,0,.224,.296,.265,.561
Hunter Renfroe,TB,OF,28,16,49,5,8,3,0,2,11,0,0,8,14,0,0,0,.163,.281,.347,.628
Jurickson Profar,SD,2B,27,16,49,10,8,0,0,2,4,2,1,8,9,1,0,2,.163,.305,.286,.591
Adam Eaton,WAS,OF,31,13,49,6,10,3,0,1,3,1,0,3,15,0,0,0,.204,.250,.327,.577
Miguel Sano,MIN,3B,27,14,48,6,6,2,0,3,6,0,0,3,25,0,0,0,.125,.176,.354,.530
Johan Camargo,ATL,SS,26,16,48,7,9,3,0,2,4,0,0,3,15,0,0,1,.188,.250,.375,.625
Tommy La Stella,LAA,2B,31,15,48,5,14,5,0,1,3,0,0,10,3,0,0,1,.292,.424,.458,.882
Justin Smoak,MIL,1B,33,13,48,6,8,2,0,1,4,0,0,1,22,0,1,2,.167,.212,.271,.483
Brian Goodwin,LAA,OF,29,15,48,8,13,2,1,3,10,1,0,6,14,0,0,0,.271,.352,.542,.894
Dylan Moore,SEA,SS,28,13,48,11,15,4,0,4,9,3,1,3,15,0,0,2,.313,.377,.646,1.023
Tim Lopes,SEA,OF,26,16,48,8,12,4,0,1,4,4,0,2,12,0,0,2,.250,.308,.396,.704
Willy Adames,TB,SS,24,16,47,9,12,5,0,0,2,1,0,7,18,0,0,0,.255,.352,.362,.714
Kyle Schwarber,CHC,OF,27,14,47,7,11,2,0,2,6,0,0,8,18,0,0,1,.234,.357,.404,.761
Lourdes Gurriel,TOR,OF,26,13,47,3,13,3,0,1,3,0,1,3,10,0,1,0,.277,.314,.404,.718
Anthony Rizzo,CHC,1B,31,14,47,9,10,0,0,3,5,0,0,7,10,0,0,6,.213,.383,.404,.787
Avisail Garcia,MIL,OF,29,13,47,7,12,3,0,1,4,0,0,6,14,0,0,1,.255,.352,.383,.735
Kevin Pillar,BOS,OF,31,13,47,6,13,4,0,1,5,0,0,1,10,0,0,0,.277,.292,.426,.718
Joc Pederson,LAD,1B,28,15,46,11,9,0,0,3,7,1,0,8,13,0,0,1,.196,.327,.391,.718
Ji-Man Choi,TB,1B,29,16,46,5,9,4,0,1,7,0,0,8,21,0,1,0,.196,.309,.348,.657
Yoshi Tsutsugo,TB,OF,28,15,46,8,7,1,0,1,7,0,0,7,13,0,0,1,.152,.278,.239,.517
Stephen Piscotty,OAK,OF,29,13,46,5,10,3,0,1,7,1,0,3,13,1,1,1,.217,.275,.348,.623
Anthony Rendon,LAA,3B,30,14,46,10,8,1,0,3,7,0,0,17,12,0,0,2,.174,.415,.391,.806
Luke Voit,NYY,1B,29,14,46,7,12,0,0,5,11,0,0,3,17,0,0,2,.261,.333,.587,.920
Asdrubal Cabrera,WAS,2B,34,13,46,6,15,5,1,3,11,0,0,4,7,0,0,0,.326,.380,.674,1.054
Austin Riley,ATL,OF,23,14,46,6,8,1,0,3,8,0,0,4,17,0,1,0,.174,.235,.391,.626
Jonathan Villar,MIA,2B,29,11,45,3,9,1,0,1,4,2,0,4,13,0,1,0,.200,.260,.289,.549
Alex Dickerson,SF,OF,30,15,45,7,12,1,1,2,4,0,0,4,10,0,0,0,.267,.327,.467,.794
Willson Contreras,CHC,C,28,13,45,8,14,5,0,2,7,1,1,1,18,0,1,3,.311,.360,.556,.916
JaCoby Jones,DET,OF,28,14,45,10,14,4,0,5,12,0,0,4,15,0,0,1,.311,.380,.733,1.113
Kevin Kiermaier,TB,OF,30,16,45,5,9,2,1,0,9,3,1,7,12,0,0,0,.200,.308,.289,.597
George Springer,HOU,OF,30,13,44,4,8,1,0,3,12,0,0,8,12,0,2,2,.182,.321,.409,.730
Shin-Soo Choo,TEX,OF,38,14,44,5,8,1,0,3,7,1,1,6,12,0,0,1,.182,.294,.409,.703
Jose Martinez,TB,OF,32,14,44,6,11,3,0,2,7,0,0,7,16,0,0,0,.250,.353,.455,.808
Freddy Galvis,CIN,2B,30,14,44,6,9,2,0,2,6,0,0,6,8,0,0,1,.205,.314,.386,.700
Ozzie Albies,ATL,2B,23,11,44,4,7,2,0,1,6,0,1,2,13,0,0,0,.159,.196,.273,.469
Didi Gregorius,PHI,SS,30,12,43,5,11,0,0,3,10,1,0,2,6,0,0,0,.256,.289,.465,.754
Evan Longoria,SF,3B,34,13,43,4,10,2,0,1,5,0,0,3,7,0,2,0,.233,.271,.349,.620
Gary Sanchez,NYY,C,27,14,43,3,4,1,0,1,3,0,0,4,24,0,0,2,.093,.204,.186,.390
Austin Nola,SEA,1B,30,13,43,4,12,4,1,1,7,0,0,3,8,0,0,1,.279,.340,.488,.828
Rougned Odor,TEX,2B,26,12,43,4,5,1,0,1,3,0,0,3,17,0,0,1,.116,.191,.209,.400
Pedro Severino,BAL,C,27,14,43,3,13,2,0,3,10,1,0,5,9,1,0,1,.302,.388,.558,.946
C.J. Cron,DET,1B,30,13,42,9,8,3,0,4,8,0,0,9,16,0,0,1,.190,.346,.548,.894
Shogo Akiyama,CIN,OF,32,14,42,3,10,2,1,0,3,1,0,4,15,0,0,1,.238,.319,.333,.652
Jeimer Candelario,DET,1B,26,12,42,5,10,1,2,1,5,0,0,4,14,0,0,0,.238,.304,.429,.733
Ben Gamel,MIL,OF,28,12,42,4,8,2,1,2,7,0,1,2,18,0,0,0,.190,.227,.429,.656
Robbie Grossman,OAK,OF,30,14,42,3,13,4,0,2,6,3,1,7,8,0,0,4,.310,.453,.548,1.001
Victor Robles,WAS,OF,23,13,42,1,11,1,0,1,6,0,1,2,14,0,0,2,.262,.326,.357,.683
Mauricio Dubon,SF,2B,26,16,42,5,9,1,0,1,6,0,0,1,11,0,1,0,.214,.227,.310,.537
Oscar Mercado,CLE,OF,25,15,42,2,5,0,0,0,3,0,0,2,13,0,0,0,.119,.159,.119,.278
Jesse Winker,CIN,OF,26,17,42,6,13,2,0,2,4,0,0,6,12,0,0,4,.310,.442,.500,.942
Byron Buxton,MIN,OF,26,14,42,7,11,1,0,3,8,1,1,1,14,0,1,0,.262,.273,.500,.773
Manuel Margot,TB,OF,25,13,41,6,9,5,0,0,2,1,0,4,9,0,0,0,.220,.289,.341,.630
Andres Gimenez,NYM,SS,21,17,41,6,12,1,2,0,1,3,0,1,6,0,0,1,.293,.326,.415,.741
Jason Heyward,CHC,OF,31,12,41,6,10,0,0,2,9,0,0,2,8,0,0,0,.244,.279,.390,.669
Aaron Hicks,NYY,OF,30,14,41,7,9,3,0,1,3,0,0,12,10,0,0,0,.220,.396,.366,.762
Giancarlo Stanton,NYY,OF,30,14,41,10,12,3,0,3,7,1,1,10,11,0,0,2,.293,.453,.585,1.038
Kris Bryant,CHC,3B,28,11,41,8,8,3,0,1,3,0,0,6,13,0,0,2,.195,.327,.341,.668
Victor Reyes,DET,OF,25,14,41,10,12,2,0,1,4,3,0,3,4,0,0,1,.293,.356,.415,.771
Ender Inciarte,ATL,OF,29,16,40,7,7,2,0,0,4,3,0,6,7,0,0,0,.175,.283,.225,.508
Khris Davis,OAK,DH,32,11,40,3,6,1,0,1,4,0,0,3,13,0,0,1,.150,.227,.250,.477
Matt Kemp,COL,OF,35,15,40,6,10,2,0,2,10,0,0,7,12,0,0,0,.250,.362,.450,.812
Ian Happ,CHC,OF,26,14,40,7,13,3,0,3,7,1,0,8,10,0,0,0,.325,.438,.625,1.063
Ryan O'Hearn,KC,1B,27,13,40,2,12,5,0,0,9,0,0,4,13,0,0,0,.300,.364,.425,.789
Scott Kingery,PHI,3B,26,11,40,2,4,0,0,0,1,0,0,3,10,0,0,0,.100,.163,.100,.263
Andrew Benintendi,BOS,OF,26,14,39,4,4,1,0,0,1,1,2,11,17,1,0,1,.103,.314,.128,.442
Nicky Lopez,KC,2B,25,15,39,4,10,3,0,1,4,0,3,3,7,1,0,0,.256,.310,.410,.720
Martin Maldonado,HOU,C,33,14,39,6,8,1,0,1,9,0,0,10,15,1,0,1,.205,.380,.308,.688
Pablo Sandoval,SF,3B,34,17,39,2,7,0,0,0,1,0,0,4,8,0,1,1,.179,.267,.179,.446
Eric Sogard,MIL,2B,34,14,39,5,8,2,0,0,3,0,0,10,5,0,0,1,.205,.380,.256,.636
Austin Romine,DET,C,31,11,39,6,12,2,0,2,9,0,0,1,10,0,0,0,.308,.325,.513,.838
Corey Dickerson,MIA,OF,31,11,39,4,8,2,0,1,1,0,0,3,9,0,0,0,.205,.262,.333,.595
Jesus Aguilar,MIA,1B,30,11,39,7,11,2,0,4,8,0,0,4,5,0,2,0,.282,.333,.641,.974
Tony Wolters,COL,C,28,13,39,1,8,1,0,0,4,0,0,1,10,1,0,0,.205,.225,.231,.456
J.T. Realmuto,PHI,C,29,11,39,9,11,0,0,5,12,0,0,5,10,0,0,0,.282,.364,.667,1.031
Phillip Evans,PIT,3B,27,11,39,6,14,2,0,1,9,0,1,5,7,0,0,1,.359,.444,.487,.931
Daniel Vogelbach,SEA,1B,27,13,39,2,4,1,0,1,2,0,0,8,11,0,0,0,.103,.255,.205,.460
Austin Slater,SF,OF,27,14,38,5,13,0,1,3,4,5,1,5,11,0,0,2,.342,.444,.632,1.076
Jose Iglesias,BAL,SS,30,12,38,3,15,7,0,0,7,0,0,0,5,0,1,1,.395,.400,.579,.979
Brett Gardner,NYY,OF,36,13,38,5,7,1,0,3,5,0,1,4,14,0,0,0,.184,.262,.447,.709
Rhys Hoskins,PHI,1B,27,12,38,8,8,2,0,0,1,0,0,13,9,0,0,1,.211,.423,.263,.686
Joey Wendle,TB,2B,30,14,38,7,11,1,2,1,3,1,0,3,4,0,0,1,.289,.357,.500,.857
Rio Ruiz,BAL,3B,26,10,38,5,10,1,0,3,8,1,1,5,12,0,1,0,.263,.341,.526,.867
Adam Engel,CWS,OF,28,13,38,7,10,3,0,2,5,0,0,1,8,0,0,2,.263,.317,.500,.817
Willie Calhoun,TEX,OF,25,13,37,1,6,1,1,0,4,0,0,2,7,0,2,0,.162,.195,.243,.438
Howie Kendrick,WAS,2B,37,11,37,7,12,1,0,1,3,0,0,3,7,0,0,0,.324,.375,.432,.807
Bryce Harper,PHI,OF,27,12,37,12,12,1,0,4,10,1,0,9,9,0,0,2,.324,.479,.676,1.155
Mallex Smith,SEA,OF,27,11,37,2,5,2,0,0,3,2,0,2,11,0,0,0,.135,.179,.189,.368
Brian Anderson,MIA,3B,27,11,36,7,11,0,1,3,10,0,0,6,11,0,0,1,.306,.419,.611,1.030
Mitch Garver,MIN,C,29,11,36,4,4,0,0,1,2,0,0,6,18,0,1,1,.111,.250,.194,.444
Adam Duvall,ATL,OF,31,18,36,7,9,2,0,2,7,0,0,2,9,0,1,1,.250,.300,.472,.772
Erik Gonzalez,PIT,SS,28,11,36,2,12,3,0,1,8,0,2,0,4,0,0,0,.333,.333,.500,.833
Chris Davis,BAL,1B,34,10,36,3,5,3,0,0,1,0,0,3,10,0,0,0,.139,.205,.222,.427
Jean Segura,PHI,SS,30,11,36,8,7,0,0,2,3,1,1,8,6,0,0,0,.194,.341,.361,.702
Carson Kelly,ARI,C,26,13,36,1,6,1,0,1,4,0,0,5,7,0,0,0,.167,.268,.278,.546
Jake Cronenworth,SD,SS,26,12,36,7,13,4,2,2,4,0,0,1,5,0,0,0,.361,.378,.750,1.128
Danny Mendick,CWS,SS,26,12,36,3,10,1,1,0,0,0,0,4,6,0,0,0,.278,.350,.361,.711
Nick Senzel,CIN,OF,25,11,35,5,8,4,0,1,4,2,1,4,9,0,1,0,.229,.300,.429,.729
Rowdy Tellez,TOR,1B,25,10,35,3,5,1,0,1,5,0,1,5,6,0,1,0,.143,.244,.257,.501
Victor Caratini,CHC,C,26,11,35,2,10,2,0,0,4,0,0,1,8,0,0,1,.286,.324,.343,.667
Chris Owings,COL,2B,29,13,35,8,9,1,0,2,4,1,0,3,10,0,0,0,.257,.316,.457,.773
Travis d'Arnaud,ATL,C,31,9,35,5,13,4,0,2,10,1,0,1,13,0,1,0,.371,.378,.657,1.035
Domingo Santana,CLE,OF,28,12,35,4,6,1,0,1,2,0,0,8,12,0,0,1,.171,.341,.286,.627
Jon Berti,MIA,SS,30,9,34,5,6,2,0,0,1,2,0,4,10,0,0,1,.176,.282,.235,.517
Jarrod Dyson,PIT,OF,35,13,34,4,4,0,0,0,4,2,0,3,6,0,0,0,.118,.189,.118,.307
Andrew McCutchen,PHI,OF,33,10,34,2,5,1,0,0,4,0,0,3,8,0,1,0,.147,.211,.176,.387
Hunter Pence,SF,OF,37,12,34,3,4,0,1,1,3,0,0,1,9,0,0,1,.118,.167,.265,.432
Edwin Encarnacion,CWS,1B,37,9,34,4,7,0,0,2,3,0,0,1,13,0,0,1,.206,.250,.382,.632
Robinson Cano,NYM,2B,37,11,34,4,14,2,0,1,7,0,0,4,5,0,1,0,.412,.462,.559,1.021
Randal Grichuk,TOR,OF,28,10,34,3,9,0,0,0,1,0,1,4,9,0,0,0,.265,.342,.265,.607
Mike Zunino,TB,C,29,14,34,4,3,1,0,1,1,0,0,5,16,0,0,1,.088,.225,.206,.431
Tim Anderson,CWS,SS,27,8,34,9,11,4,0,1,1,0,0,2,8,0,0,0,.324,.361,.529,.890
Garrett Hampson,COL,2B,25,12,34,9,9,3,1,1,3,2,0,5,8,1,1,0,.265,.350,.500,.850
Sean Murphy,OAK,C,25,14,34,4,6,0,0,1,2,0,0,6,13,0,0,0,.176,.300,.265,.565
Christin Stewart,DET,OF,26,13,34,3,7,2,0,1,3,0,0,2,13,0,0,2,.206,.289,.353,.642
Michael Chavis,BOS,2B,25,10,34,5,9,1,1,2,5,0,0,1,13,0,0,0,.265,.286,.529,.815
Nico Hoerner,CHC,SS,23,11,34,6,8,1,0,0,6,0,0,3,7,0,1,0,.235,.289,.265,.554
Dominic Smith,NYM,1B,25,12,33,3,7,3,0,2,8,0,0,5,11,0,2,1,.212,.317,.485,.802
Dee Gordon,SEA,2B,32,12,33,4,5,1,0,0,1,0,1,3,6,0,0,0,.152,.222,.182,.404
Sandy Leon,CLE,C,31,11,33,1,2,0,0,0,0,0,0,4,9,0,0,0,.061,.162,.061,.223
Jay Bruce,PHI,OF,33,10,33,5,9,2,2,3,7,0,0,3,6,0,0,0,.273,.333,.727,1.060
Brandon Belt,SF,1B,32,11,33,3,4,1,0,1,4,0,0,5,12,0,0,0,.121,.237,.242,.479
Mitch Moreland,BOS,1B,34,11,33,7,10,1,0,6,12,0,0,2,7,0,0,1,.303,.361,.879,1.240
Dwight Smith,BAL,OF,27,12,33,5,8,2,0,2,5,1,0,4,9,0,1,1,.242,.333,.485,.818
Orlando Arcia,MIL,SS,26,14,33,2,10,2,0,0,5,1,0,2,5,0,0,0,.303,.343,.364,.707
Matt Adams,ATL,1B,31,10,33,4,7,1,0,2,7,0,0,1,7,0,0,0,.212,.235,.424,.659
Curt Casali,CIN,C,31,10,32,4,5,1,0,2,2,0,0,3,9,0,0,2,.156,.270,.375,.645
Luis Rengifo,LAA,2B,23,12,32,3,4,1,0,0,0,0,0,5,9,0,0,0,.125,.243,.156,.399
Danny Jansen,TOR,C,25,10,31,4,5,1,0,1,3,0,0,7,10,1,1,0,.161,.308,.290,.598
Ryan McBroom,KC,OF,28,13,31,4,9,2,0,3,5,0,0,2,12,0,0,0,.290,.333,.645,.978
Chadwick Tromp,SF,C,25,9,31,7,7,1,0,2,5,0,0,1,11,0,1,0,.226,.242,.452,.694
Will Smith,LAD,C,25,13,31,4,6,1,0,2,8,0,0,8,5,0,1,0,.194,.350,.419,.769
Jacob Stallings,PIT,C,30,11,31,4,7,2,0,0,3,0,0,5,7,0,0,0,.226,.333,.290,.623
Omar Narvaez,MIL,C,28,12,31,3,6,1,0,0,1,0,0,5,10,0,0,2,.194,.342,.226,.568
Yoenis Cespedes,NYM,OF,34,8,31,3,5,1,0,2,4,0,0,2,15,0,0,1,.161,.235,.387,.622
Robinson Chirinos,TEX,C,36,11,31,2,4,1,0,0,2,0,0,5,10,0,1,0,.129,.243,.161,.404
Francisco Cervelli,MIA,C,34,8,30,6,6,1,0,3,7,0,0,2,7,0,0,0,.200,.250,.533,.783
Jason Castro,LAA,C,33,10,30,4,8,4,0,2,5,0,0,6,9,0,0,0,.267,.389,.600,.989
Max Stassi,LAA,C,29,12,30,6,8,0,0,4,10,0,0,3,5,0,1,1,.267,.343,.667,1.010
Taylor Ward,LAA,OF,26,13,30,5,5,0,1,0,1,0,0,3,11,0,0,0,.167,.242,.233,.475
Mike Tauchman,NYY,OF,29,12,30,4,9,3,0,0,3,4,0,3,10,0,0,0,.300,.364,.400,.764
Tyler Heineman,SF,C,29,10,30,3,6,1,0,0,1,1,0,3,5,1,0,1,.200,.294,.233,.527
Myles Straw,HOU,SS,25,11,30,3,4,0,0,0,2,3,0,1,7,0,0,0,.133,.161,.133,.294
Austin Meadows,TB,OF,25,8,29,3,7,3,1,0,3,1,1,3,9,0,0,0,.241,.313,.414,.727
Francisco Mejia,SD,C,24,13,29,5,3,1,0,1,2,0,0,1,7,0,0,2,.103,.188,.241,.429
Kurt Suzuki,WAS,C,36,9,29,2,7,2,0,0,4,0,0,0,2,0,1,1,.241,.258,.310,.568
Bradley Zimmer,CLE,OF,27,14,29,3,6,0,0,1,3,1,1,5,11,0,1,4,.207,.385,.310,.695
Jose Marmolejos,SEA,1B,27,8,29,1,3,0,0,1,3,0,0,0,9,0,0,0,.103,.103,.207,.310
James McCann,CWS,C,30,8,29,5,10,0,0,3,5,0,0,0,8,0,0,2,.345,.387,.655,1.042
Gregory Polanco,PIT,OF,28,10,29,2,2,1,0,1,5,0,0,3,15,0,1,0,.069,.152,.207,.359
Eric Thames,WAS,1B,33,11,28,1,7,2,0,0,2,0,0,2,8,0,0,2,.250,.344,.321,.665
Sam Hilliard,COL,OF,26,9,28,3,5,1,0,1,3,1,0,3,13,0,0,0,.179,.258,.321,.579
Pat Valaika,BAL,2B,27,15,28,6,7,0,0,2,3,0,0,3,5,0,0,0,.250,.323,.464,.787
Cole Tucker,PIT,SS,24,11,27,4,4,1,0,1,2,1,0,1,7,1,1,0,.148,.172,.296,.468
Ehire Adrianza,MIN,SS,30,11,27,1,6,1,0,0,0,0,0,1,9,0,0,0,.222,.250,.259,.509
Austin Hedges,SD,C,27,13,27,1,4,0,0,1,3,1,0,0,7,3,0,0,.148,.148,.259,.407
Austin Barnes,LAD,C,30,9,26,1,4,1,0,0,3,0,0,2,10,1,0,0,.154,.214,.192,.406
Franchy Cordero,KC,OF,25,11,26,2,4,2,0,0,2,1,0,1,2,0,0,0,.154,.185,.231,.416
Darin Ruf,SF,1B,34,11,26,2,7,1,0,0,6,1,0,5,9,0,0,0,.269,.387,.308,.695
Jordan Luplow,CLE,OF,26,9,26,3,1,0,0,1,2,0,0,2,6,0,0,1,.038,.138,.154,.292
Chad Pinder,OAK,2B,28,10,26,4,5,0,0,1,4,0,0,3,6,0,0,0,.192,.276,.308,.584
Brett Phillips,KC,OF,26,13,26,8,7,0,1,1,2,3,0,3,5,0,0,0,.269,.345,.462,.807
Tony Kemp,OAK,2B,28,12,25,6,7,0,0,0,0,2,0,8,9,1,0,0,.280,.455,.280,.735
Logan Morrison,MIL,1B,32,9,25,3,3,1,0,1,2,0,0,3,8,0,0,0,.120,.214,.280,.494
Kyle Farmer,CIN,2B,29,9,25,2,6,2,0,0,3,0,0,2,4,0,0,0,.240,.296,.320,.616
Roman Quinn,PHI,OF,27,9,25,3,7,2,1,1,2,0,0,1,5,0,0,0,.280,.308,.560,.868
Travis Shaw,TOR,3B,30,7,25,1,6,1,0,0,1,0,0,3,8,0,0,0,.240,.321,.280,.601
Tucker Barnhart,CIN,C,29,8,24,0,4,0,0,0,2,0,0,1,6,0,0,0,.167,.200,.167,.367
Jake Lamb,ARI,3B,29,11,24,1,2,1,0,0,0,0,0,3,10,0,0,1,.083,.214,.125,.339
David Bote,CHC,2B,27,9,24,3,5,1,0,2,5,0,0,4,9,0,0,0,.208,.321,.500,.821
Ty France,SD,2B,26,8,24,5,6,1,0,1,3,0,0,1,5,0,0,0,.250,.280,.417,.697
Mike Brosseau,TB,2B,26,12,24,5,9,3,0,3,5,0,0,0,7,0,0,0,.375,.375,.875,1.250
Edward Olivares,SD,OF,24,8,23,3,5,1,0,1,3,0,1,2,11,0,0,0,.217,.280,.391,.671
Jon Jay,ARI,OF,35,7,23,2,3,1,0,0,1,0,0,0,7,0,1,0,.130,.125,.174,.299
Stephen Vogt,ARI,C,35,10,23,2,4,3,0,1,5,0,0,3,7,0,1,0,.174,.259,.435,.694
Jake Cave,MIN,OF,27,7,23,3,3,0,0,1,6,0,0,2,10,0,0,3,.130,.286,.261,.547
Greg Garcia,SD,2B,31,10,23,3,7,2,0,0,6,0,0,2,8,0,0,0,.304,.360,.391,.751
Joe Panik,TOR,2B,29,8,22,1,3,0,0,0,0,0,0,1,8,0,0,0,.136,.174,.136,.310
Josh Donaldson,MIN,3B,34,7,22,4,4,0,0,1,2,0,0,4,7,0,1,0,.182,.296,.318,.614
Christian Colon,CIN,2B,31,10,22,3,3,1,0,0,2,1,0,1,3,0,0,0,.136,.174,.182,.356
Eric Hosmer,SD,1B,30,6,22,2,6,2,0,1,8,0,0,2,3,0,0,0,.273,.333,.500,.833
Mike Ford,NYY,1B,28,8,22,2,5,2,0,1,7,0,0,1,5,0,1,1,.227,.280,.455,.735
Austin Allen,OAK,C,26,9,22,1,3,0,0,1,3,0,0,1,9,0,0,0,.136,.174,.273,.447
Juan Soto,WAS,OF,21,6,22,4,8,3,0,2,5,0,0,1,3,0,0,0,.364,.391,.773,1.164
Adam Haseley,PHI,OF,24,10,21,3,7,2,0,0,2,0,0,1,5,0,0,0,.333,.364,.429,.793
Carter Kieboom,WAS,SS,22,7,21,5,6,0,0,0,1,0,0,5,11,0,0,0,.286,.423,.286,.709
Mike Moustakas,CIN,2B,31,7,21,3,5,0,0,2,6,0,0,2,7,0,0,1,.238,.333,.524,.857
Brandon Drury,TOR,3B,27,9,21,1,2,0,0,0,0,0,0,1,3,0,0,0,.095,.136,.095,.231
Jedd Gyorko,MIL,3B,31,10,21,3,6,1,0,2,5,0,0,2,8,0,0,0,.286,.348,.619,.967
Ildemaro Vargas,ARI,2B,29,8,20,2,3,0,0,0,0,0,0,1,5,0,0,0,.150,.190,.150,.340
Raimel Tapia,COL,OF,26,9,20,3,5,1,0,0,3,1,1,1,7,0,1,0,.250,.273,.300,.573
Nicky Delmonico,CWS,OF,28,6,20,0,3,0,0,0,3,0,0,2,2,0,0,0,.150,.227,.150,.377
Alex Avila,MIN,C,33,7,20,4,5,0,0,1,2,0,0,6,7,0,0,2,.250,.464,.400,.864
Kolten Wong,STL,2B,29,5,20,3,4,0,1,0,0,0,0,1,4,0,0,0,.200,.238,.300,.538
Abraham Toro,HOU,3B,23,9,20,5,3,1,0,1,2,0,0,1,5,0,0,2,.150,.261,.350,.611
Andrew Velazquez,BAL,2B,26,13,20,1,1,0,0,0,0,0,1,1,6,0,0,0,.050,.095,.050,.145
Phillip Ervin,CIN,OF,28,10,20,4,2,0,0,0,0,1,0,6,5,0,0,0,.100,.308,.100,.408
Tommy Edman,STL,2B,25,5,20,1,5,1,1,1,4,0,1,1,7,0,0,0,.250,.286,.550,.836
Edwin Rios,LAD,1B,26,10,19,4,4,1,0,3,5,0,0,0,7,0,0,2,.211,.286,.737,1.023
Scott Heineman,TEX,OF,27,9,19,2,3,1,0,1,3,1,0,0,4,0,0,0,.158,.158,.368,.526
Jo Adell,LAA,OF,21,5,19,1,4,0,0,0,0,0,0,0,11,0,0,0,.211,.211,.211,.422
Jason Kipnis,CHC,2B,33,7,19,4,7,2,1,2,4,0,0,3,5,0,0,0,.368,.455,.895,1.350
Paul Goldschmidt,STL,1B,32,5,19,4,6,0,0,1,1,0,0,2,5,0,0,0,.316,.381,.474,.855
Michael Taylor,WAS,OF,29,9,19,3,3,1,0,2,3,0,0,1,3,0,0,0,.158,.200,.526,.726
Matt Davidson,CIN,1B,29,10,19,2,5,1,0,2,6,0,0,2,5,0,0,0,.263,.333,.632,.965
Manny Pina,MIL,C,33,8,19,4,7,1,0,2,5,0,0,2,3,0,0,2,.368,.478,.737,1.215
Matt Beaty,LAD,1B,27,9,19,2,2,0,0,1,1,0,0,1,3,0,0,1,.105,.190,.263,.453
Bubba Starling,KC,OF,28,9,19,1,4,1,0,0,3,0,0,2,7,0,1,0,.211,.273,.263,.536
Adeiny Hechavarria,ATL,SS,31,9,19,2,4,0,0,0,0,0,0,0,4,0,0,0,.211,.211,.211,.422
Jose Osuna,PIT,1B,27,6,19,1,3,0,0,1,4,0,0,2,5,0,0,0,.158,.238,.316,.554
Phil Gosselin,PHI,OF,31,8,18,5,9,2,0,2,6,0,0,4,3,0,0,0,.500,.591,.944,1.535
Harold Castro,DET,2B,26,12,18,2,3,0,0,0,1,0,0,3,4,0,0,0,.167,.286,.167,.453
Rob Refsnyder,TEX,OF,29,9,18,2,5,1,0,0,1,0,0,1,5,0,1,0,.278,.300,.333,.633
Lorenzo Cain,MIL,OF,34,5,18,4,6,1,0,0,2,0,0,3,2,0,0,0,.333,.429,.389,.818
Yadier Molina,STL,C,38,5,18,1,4,0,0,0,1,0,0,0,2,0,0,0,.222,.222,.222,.444
Cameron Maybin,DET,OF,33,6,18,2,5,1,0,0,0,0,0,0,6,0,0,0,.278,.278,.333,.611
Monte Harrison,MIA,OF,25,7,18,0,2,0,0,0,2,1,0,2,11,0,0,0,.111,.200,.111,.311
Paul DeJong,STL,SS,27,5,17,3,4,1,0,1,4,0,0,2,7,0,0,0,.235,.316,.471,.787
Chance Sisco,BAL,C,25,10,17,3,6,2,0,1,1,0,0,6,10,0,0,1,.353,.542,.647,1.189
Nomar Mazara,CWS,OF,25,7,17,2,3,1,0,0,0,0,0,4,7,0,0,2,.176,.391,.235,.626
Nick Madrigal,CWS,2B,23,5,17,2,5,0,0,0,1,0,0,1,2,0,0,0,.294,.333,.294,.627
Nick Markakis,ATL,OF,36,7,17,2,4,1,0,1,2,0,1,2,4,0,0,0,.235,.316,.471,.787
Ryan Braun,MIL,OF,36,5,17,0,3,1,0,0,2,0,0,1,5,0,0,0,.176,.222,.235,.457
John Ryan Murphy,PIT,C,29,9,17,3,3,0,0,0,2,0,0,2,5,1,0,0,.176,.263,.176,.439
Logan Forsythe,MIA,3B,33,5,17,2,3,1,0,1,1,0,0,2,8,0,0,0,.176,.263,.412,.675
Danny Santana,TEX,1B,29,4,17,1,1,1,0,0,0,0,0,0,8,0,0,0,.059,.059,.118,.177
Andrelton Simmons,LAA,SS,30,4,16,2,3,1,0,0,1,0,0,0,0,0,0,0,.188,.188,.250,.438
Beau Taylor,CLE,C,30,5,16,1,0,0,0,0,1,0,0,1,7,0,0,0,.000,.059,.000,.059
Dexter Fowler,STL,OF,34,5,16,2,4,0,0,1,2,0,0,1,6,0,0,0,.250,.294,.438,.732
Tyler Flowers,ATL,C,34,6,16,3,6,2,0,1,3,0,0,5,7,0,0,1,.375,.545,.688,1.233
Mark Mathias,MIL,2B,26,6,16,2,5,0,0,0,2,1,0,0,4,0,0,0,.313,.313,.313,.626
Jonathan Arauz,BOS,SS,22,6,16,2,5,0,0,0,2,0,0,0,2,0,0,0,.313,.313,.313,.626
Joe Hudson,SEA,C,29,8,16,0,2,0,0,0,0,0,0,2,5,1,0,0,.125,.222,.125,.347
Josh VanMeter,CIN,OF,25,8,16,1,0,0,0,0,0,1,0,2,8,0,0,1,.000,.158,.000,.158
Guillermo Heredia,PIT,OF,29,8,16,2,3,0,0,0,2,1,0,2,4,0,0,0,.188,.278,.188,.466
Reese McGuire,TOR,C,25,6,15,1,2,0,0,1,1,0,0,0,4,0,0,0,.133,.133,.333,.466
Tyler O'Neill,STL,OF,25,5,15,2,3,0,0,2,4,0,0,1,1,0,0,1,.200,.294,.600,.894
Steven Duggar,SF,OF,26,6,15,3,2,1,0,0,2,0,0,0,7,0,0,1,.133,.188,.200,.388
Eddy Alvarez,MIA,SS,30,5,15,0,3,1,0,0,0,1,0,0,5,0,0,0,.200,.200,.267,.467
Josh Harrison,WAS,2B,33,4,15,1,2,0,0,1,3,1,0,0,2,0,2,0,.133,.118,.333,.451
Brock Holt,MIL,2B,32,10,15,1,2,0,0,0,1,0,0,3,6,0,1,1,.133,.300,.133,.433
Brian Dozier,NYM,2B,33,6,15,1,2,0,0,0,0,0,0,1,5,0,0,0,.133,.188,.133,.321
Yan Gomes,WAS,C,33,5,15,2,2,0,0,0,2,0,0,2,4,0,0,1,.133,.278,.133,.411
Matt Carpenter,STL,3B,34,5,15,0,3,1,0,0,2,0,0,2,6,0,0,0,.200,.294,.267,.561
Mike Freeman,CLE,2B,33,7,14,1,3,1,0,0,1,0,0,0,3,0,0,1,.214,.267,.286,.553
Kevin Plawecki,BOS,C,29,5,14,2,7,1,0,0,3,0,0,1,1,0,0,1,.500,.563,.571,1.134
Albert Almora,CHC,OF,26,12,14,0,2,0,0,0,0,0,0,3,5,0,0,1,.143,.333,.143,.476
DJ Stewart,BAL,OF,26,8,14,0,0,0,0,0,0,0,0,6,8,2,0,0,.000,.300,.000,.300
Miguel Andujar,NYY,DH,25,5,14,1,1,0,0,0,0,0,0,0,3,0,0,0,.071,.071,.071,.142
Tomas Nido,NYM,C,26,4,13,2,4,1,0,0,0,0,0,2,4,0,0,0,.308,.400,.385,.785
Travis Demeritte,DET,OF,25,8,13,3,2,1,0,0,3,0,0,1,7,0,0,0,.154,.214,.231,.445
Zack Collins,CWS,DH,25,8,13,0,0,0,0,0,0,0,0,2,4,0,0,0,.000,.133,.000,.133
Cedric Mullins,BAL,OF,25,9,13,2,1,0,0,0,0,1,0,2,3,0,0,0,.077,.200,.077,.277
Josh Naylor,SD,OF,23,6,13,1,3,0,1,0,0,1,0,0,3,0,0,1,.231,.286,.385,.671
Andy Young,ARI,2B,26,6,13,3,4,1,0,1,3,0,0,2,3,0,0,1,.308,.438,.615,1.053
Michael Perez,TB,C,28,11,13,2,3,0,0,0,4,0,0,1,3,0,1,1,.231,.313,.231,.544
Matt Joyce,MIA,OF,36,6,13,2,2,0,0,0,0,0,0,3,6,0,0,0,.154,.313,.154,.467
Jeff Mathis,TEX,C,37,5,12,2,3,0,1,0,1,1,0,3,5,0,0,0,.250,.400,.417,.817
Steven Souza,CHC,OF,31,4,12,2,1,1,0,0,2,1,0,2,6,0,0,0,.083,.214,.167,.381
Billy Hamilton,NYM,OF,29,6,12,0,0,0,0,0,0,1,0,0,1,0,0,0,.000,.000,.000,.000
Derek Fisher,TOR,OF,26,6,12,0,3,1,1,0,0,0,0,3,5,0,0,0,.250,.400,.500,.900
Travis Jankowski,CIN,OF,28,11,12,3,1,0,0,0,0,1,1,1,5,0,0,0,.083,.154,.083,.237
Jaylin Davis,SF,OF,26,4,12,2,2,0,0,1,1,0,0,0,6,0,0,0,.167,.167,.417,.584
Daniel Johnson,CLE,OF,25,5,12,0,1,0,0,0,0,0,0,1,5,0,0,0,.083,.154,.083,.237
Tzu-Wei Lin,BOS,2B,26,7,12,0,2,0,0,0,0,0,0,0,5,1,0,0,.167,.167,.167,.334
Lewis Brinson,MIA,OF,26,5,11,1,0,0,0,0,0,1,0,2,2,0,0,0,.000,.154,.000,.154
Tyler Wade,NYY,2B,25,13,11,3,2,0,0,0,0,0,0,2,3,0,0,0,.182,.308,.182,.490
Tim Locastro,ARI,OF,28,9,11,4,2,2,0,0,1,0,0,1,4,0,0,0,.182,.250,.364,.614
Harrison Bader,STL,OF,26,4,11,2,1,1,0,0,0,1,0,0,5,0,0,2,.091,.231,.182,.413
Santiago Espinal,TOR,SS,25,5,11,1,1,0,0,0,0,1,0,0,4,0,0,0,.091,.091,.091,.182
Neil Walker,PHI,1B,34,5,11,2,2,1,0,0,0,0,0,1,2,0,0,0,.182,.250,.273,.523
Drew Butera,COL,C,37,6,11,0,1,0,0,0,1,0,0,1,3,1,1,0,.091,.154,.091,.245
Roberto Perez,CLE,C,31,3,10,1,1,0,0,0,0,0,0,1,6,0,0,0,.100,.182,.100,.282
Miguel Rojas,MIA,SS,31,3,10,4,7,1,1,1,5,1,0,1,1,0,0,1,.700,.750,1.300,2.050
Delino DeShields,CLE,OF,27,5,10,1,3,0,0,0,2,0,1,4,3,1,0,0,.300,.500,.300,.800
Grayson Greiner,DET,C,27,6,10,1,0,0,0,0,1,0,0,2,8,0,0,1,.000,.231,.000,.231
William Contreras,ATL,C,22,4,10,0,4,1,0,0,1,0,0,0,4,0,0,0,.400,.400,.500,.900
Joe McCarthy,SF,OF,26,4,10,0,0,0,0,0,0,0,0,0,5,0,0,0,.000,.000,.000,.000
Matt Thaiss,LAA,3B,25,5,10,2,2,0,0,0,0,0,0,1,3,0,0,0,.200,.273,.200,.473
Jared Walsh,LAA,1B,27,7,10,1,0,0,0,0,0,0,0,0,2,0,0,0,.000,.000,.000,.000
Luis Guillorme,NYM,2B,25,5,10,0,3,1,0,0,2,0,0,0,3,0,1,0,.300,.273,.400,.673
Magneuris Sierra,MIA,OF,24,6,9,2,3,1,1,0,3,1,1,3,1,0,1,1,.333,.500,.667,1.167
Dawel Lugo,DET,3B,25,7,9,3,2,0,0,0,1,0,0,1,1,0,0,0,.222,.300,.222,.522
Isan Diaz,MIA,2B,24,2,9,2,2,0,0,0,0,0,0,0,3,0,0,0,.222,.222,.222,.444
Daulton Varsho,ARI,C,24,6,9,1,1,1,0,0,0,0,0,1,3,0,0,0,.111,.200,.222,.422
Kyle Higashioka,NYY,C,30,3,9,1,2,0,0,0,0,0,0,0,0,0,0,0,.222,.222,.222,.444
Jordy Mercer,DET,SS,33,3,9,1,2,0,0,0,0,0,0,0,1,0,0,0,.222,.222,.222,.444
Abraham Almonte,SD,OF,31,4,9,0,1,0,0,0,0,1,1,1,3,0,0,0,.111,.200,.111,.311
Dustin Garneau,HOU,C,32,5,9,1,2,0,1,0,2,0,0,2,2,0,0,0,.222,.364,.444,.808
JT Riddle,PIT,OF,28,3,8,0,1,0,0,0,0,0,0,0,1,0,0,0,.125,.125,.125,.250
Aristides Aquino,CIN,OF,26,5,8,1,2,1,0,0,2,1,0,1,3,0,0,0,.250,.333,.375,.708
Vimael Machin,OAK,2B,26,4,8,1,0,0,0,0,0,0,0,1,1,0,0,0,.000,.111,.000,.111
Greg Allen,CLE,OF,27,8,8,0,0,0,0,0,0,0,0,0,4,0,0,1,.000,.111,.000,.111
Michael Hermosillo,LAA,OF,25,7,8,0,2,0,0,0,2,1,0,1,1,0,1,0,.250,.300,.250,.550
Erick Mejia,KC,OF,25,6,8,0,0,0,0,0,0,0,0,0,5,1,0,0,.000,.000,.000,.000
Hunter Dozier,KC,3B,28,2,8,0,2,0,0,0,2,0,0,1,1,0,0,0,.250,.333,.250,.583
Garrett Cooper,MIA,1B,29,2,7,0,2,1,0,0,1,0,0,0,2,0,0,0,.286,.286,.429,.715
Harold Ramirez,MIA,OF,25,2,7,1,1,0,0,0,0,0,1,1,2,0,0,0,.143,.250,.143,.393
Anthony Alford,TOR,OF,26,9,7,1,1,0,0,0,1,3,0,0,3,0,0,0,.143,.143,.143,.286
Alex Jackson,ATL,C,24,3,7,0,2,1,0,0,0,0,0,0,4,0,0,0,.286,.286,.429,.715
Anderson Tejeda,TEX,SS,22,3,7,1,2,0,0,1,3,1,0,0,0,0,0,0,.286,.286,.714,1.000
Cam Gallagher,KC,C,27,3,7,0,1,1,0,0,0,0,0,1,1,0,0,0,.143,.250,.286,.536
Elias Diaz,COL,C,29,2,7,1,2,1,0,0,0,0,0,0,0,0,0,0,.286,.286,.429,.715
Josh Phegley,CHC,C,32,5,7,3,0,0,0,0,0,0,0,1,2,0,0,1,.000,.222,.000,.222
Ryan Lavarnway,MIA,C,33,2,6,0,2,0,0,0,0,0,0,0,0,0,0,0,.333,.333,.333,.666
Charlie Culberson,ATL,OF,31,5,6,1,1,1,0,0,1,0,0,0,4,0,0,0,.167,.167,.333,.500
Ryon Healy,MIL,3B,28,3,6,0,1,0,0,0,0,0,0,0,2,0,0,0,.167,.167,.167,.334
Yu Chang,CLE,3B,24,4,6,1,1,0,0,0,0,0,0,2,3,0,0,0,.167,.375,.167,.542
Luis Urias,MIL,2B,23,2,6,1,1,0,0,0,0,0,0,0,1,0,0,0,.167,.167,.167,.334
Nick Heath,KC,OF,26,5,6,1,2,1,0,0,2,2,0,1,3,0,0,0,.333,.429,.500,.929
Adolis Garcia,TEX,OF,28,3,6,0,0,0,0,0,0,0,0,1,4,0,0,0,.000,.143,.000,.143
Andrew Stevenson,WAS,OF,26,3,5,1,0,0,0,0,0,1,0,1,3,0,0,0,.000,.167,.000,.167
Jose Trevino,TEX,C,27,2,4,1,1,0,0,0,1,0,0,1,0,0,0,0,.250,.400,.250,.650
Jack Mayfield,HOU,SS,29,2,4,1,1,0,0,0,0,0,0,0,2,0,0,0,.250,.250,.250,.500
Franklin Barreto,OAK,2B,24,7,4,2,0,0,0,0,0,0,0,0,2,0,0,0,.000,.000,.000,.000
Ronald Guzman,TEX,1B,25,1,4,1,1,0,0,0,0,0,0,0,2,0,0,0,.250,.250,.250,.500
Joseph Odom,SEA,C,28,2,4,0,0,0,0,0,0,0,0,1,3,0,0,0,.000,.200,.000,.200
Ryan Cordell,NYM,OF,28,4,4,0,1,0,0,0,0,1,0,0,2,0,0,0,.250,.250,.250,.500
Kevin Cron,ARI,1B,27,2,4,0,0,0,0,0,0,0,0,1,2,0,0,0,.000,.200,.000,.200
Oscar Hernandez,KC,C,27,4,4,1,2,0,0,0,0,0,0,0,1,0,0,0,.500,.500,.500,1.000
Andrew Knapp,PHI,C,28,4,4,0,2,0,0,0,1,0,0,1,0,0,0,0,.500,.600,.500,1.100
Rene Rivera,NYM,C,37,2,4,0,1,0,0,0,0,0,0,0,3,0,0,0,.250,.250,.250,.500
Jake Marisnick,NYM,OF,29,5,4,0,1,0,0,0,0,0,0,0,1,0,0,0,.250,.250,.250,.500
Emilio Bonifacio,WAS,OF,35,3,3,1,0,0,0,0,0,0,1,0,2,0,0,0,.000,.000,.000,.000
Chad Wallach,MIA,C,28,1,3,0,0,0,0,0,0,0,0,0,1,0,0,0,.000,.000,.000,.000
Rob Brantly,SF,C,31,1,3,0,0,0,0,0,0,0,0,0,0,0,0,0,.000,.000,.000,.000
Bryan Holaday,BAL,C,32,4,3,2,1,0,0,0,1,0,0,0,0,0,0,0,.333,.333,.333,.666
Wilmer Difo,WAS,SS,28,4,3,0,0,0,0,0,0,0,0,1,0,0,0,0,.000,.250,.000,.250
Garrett Stubbs,HOU,C,27,7,3,1,1,0,0,0,1,0,1,0,0,0,1,0,.333,.250,.333,.583
Lane Thomas,STL,OF,24,4,3,0,0,0,0,0,0,0,0,1,1,0,0,0,.000,.250,.000,.250
Seth Brown,OAK,OF,28,3,3,0,0,0,0,0,0,0,0,0,0,0,0,0,.000,.000,.000,.000
Kyle Garlick,PHI,OF,28,2,2,0,0,0,0,0,0,0,0,0,0,0,0,0,.000,.000,.000,.000
Taylor Jones,HOU,1B,26,1,2,0,0,0,0,0,0,0,0,0,1,0,0,0,.000,.000,.000,.000
Tyler Stephenson,CIN,C,23,1,2,2,2,0,0,1,2,0,0,1,0,0,0,0,1.000,1.000,2.500,3.500
Aledmys Diaz,HOU,2B,30,1,2,1,1,0,0,0,0,0,0,0,0,0,0,0,.500,.500,.500,1.000
Thairo Estrada,NYY,2B,24,2,2,1,2,0,0,0,1,0,0,0,0,0,0,0,1.000,1.000,1.000,2.000
Rangel Ravelo,STL,1B,28,1,2,0,0,0,0,0,0,0,0,0,0,0,0,0,.000,.000,.000,.000
Erik Kratz,NYY,C,40,1,2,1,1,1,0,0,0,0,0,1,0,0,0,0,.500,.667,1.000,1.667
Eduardo Nunez,NYM,2B,33,2,2,0,1,0,0,0,0,1,0,0,0,0,0,0,.500,.500,.500,1.000
Ryan Goins,CWS,3B,32,7,2,2,0,0,0,0,0,0,0,0,0,0,0,0,.000,.000,.000,.000
Tyler Naquin,CLE,OF,29,1,1,0,0,0,0,0,0,0,0,0,0,0,0,0,.000,.000,.000,.000
Matt Wieters,STL,C,34,2,1,0,0,0,0,0,0,0,0,0,0,0,0,0,.000,.000,.000,.000
Cheslor Cuthbert,CWS,1B,27,1,1,0,0,0,0,0,0,0,0,0,0,0,0,0,.000,.000,.000,.000
Scott Schebler,ATL,OF,29,1,1,0,0,0,0,0,0,0,0,0,0,0,0,0,.000,.000,.000,.000
Yermin Mercedes,CWS,C,27,1,1,0,0,0,0,0,0,0,0,0,0,0,0,0,.000,.000,.000,.000
Kevan Smith,TB,C,32,4,1,1,1,0,0,0,2,0,0,1,0,0,0,0,1.000,1.000,1.000,2.000
Ali Sanchez,NYM,C,23,1,1,0,0,0,0,0,0,0,0,0,0,0,0,0,.000,.000,.000,.000
Aaron Whitefield,MIN,OF,23,3,1,1,0,0,0,0,0,0,0,0,0,0,0,0,.000,.000,.000,.000
Josh Rojas,ARI,OF,26,1,1,0,0,0,0,0,0,0,0,0,1,0,0,0,.000,.000,.000,.000