Player,Team,Age,G,GS,CG,SHO,IP,H,ER,K,BB,HR,W,L,SV,BS,HLD,ERA,WHIP
Dylan Bundy,LAA,27,4,4,1,0,28.2,15,5,35,3,2,3,1,0,0,0,1.57,0.63
Shane Bieber,CLE,25,4,4,0,0,27.2,16,5,43,5,4,3,0,0,0,0,1.63,0.76
German Marquez,COL,25,4,4,0,0,26.0,18,6,27,6,2,2,2,0,0,0,2.08,0.92
Kyle Freeland,COL,27,4,4,0,0,25.2,21,7,13,7,4,2,0,0,0,0,2.45,1.09
Sonny Gray,CIN,30,4,4,0,0,24.0,14,6,35,8,2,3,1,0,0,0,2.25,0.92
Dallas Keuchel,CWS,32,4,4,0,0,23.2,21,8,15,4,2,2,2,0,0,0,3.04,1.06
Lance Lynn,TEX,33,4,4,0,0,23.1,10,3,30,12,2,2,0,0,0,0,1.16,0.94
Frankie Montas,OAK,27,4,4,0,0,23.0,14,4,22,9,0,2,1,0,0,0,1.57,1.00
Luis Castillo,CIN,27,4,4,0,0,23.0,25,10,31,8,1,0,2,0,0,0,3.91,1.43
Zac Gallen,ARI,25,4,4,0,0,23.0,20,7,28,7,4,0,0,0,0,0,2.74,1.17
Chris Paddack,SD,24,4,4,0,0,22.2,20,8,21,3,4,2,1,0,0,0,3.18,1.01
Max Fried,ATL,26,4,4,0,0,22.2,13,4,21,6,0,3,0,0,0,0,1.59,0.84
Lucas Giolito,CWS,26,4,4,0,0,22.2,18,11,27,13,3,1,1,0,0,0,4.37,1.37
Ross Stripling,LAD,30,4,4,0,0,22.2,20,10,20,6,5,3,1,0,0,0,3.97,1.15
Marco Gonzales,SEA,28,4,4,0,0,22.2,18,10,17,3,4,2,2,0,0,0,3.97,0.93
Gerrit Cole,NYY,29,4,4,1,0,22.1,16,8,26,5,4,3,0,0,0,0,3.22,0.94
Dinelson Lamet,SD,28,4,4,0,0,22.1,12,4,28,7,1,2,0,0,0,0,1.61,0.85
Nathan Eovaldi,BOS,30,4,4,0,0,22.0,25,10,24,3,3,1,1,0,0,0,4.09,1.27
Jacob deGrom,NYM,32,4,4,0,0,22.0,16,6,28,5,2,2,0,0,0,0,2.45,0.95
Garrett Richards,SD,32,4,4,0,0,21.2,20,9,19,7,2,1,1,0,0,0,3.74,1.25
Martin Perez,BOS,29,4,4,0,0,21.1,15,8,16,11,1,2,2,0,0,0,3.38,1.22
Brandon Woodruff,MIL,27,4,4,0,0,21.1,16,6,26,5,3,1,1,0,0,0,2.53,0.98
Zach Plesac,CLE,25,3,3,0,0,21.0,12,3,24,2,2,1,1,0,0,0,1.29,0.67
Ryan Yarbrough,TB,28,4,4,0,0,21.0,19,11,13,7,3,0,2,0,0,0,4.71,1.24
Lance McCullers,HOU,26,4,4,0,0,20.2,19,14,16,7,3,2,1,0,0,0,6.10,1.26
Jose Berrios,MIN,26,4,4,0,0,20.1,22,12,17,9,3,1,2,0,0,0,5.31,1.52
Kyle Hendricks,CHC,30,3,3,1,1,20.1,17,8,15,2,1,2,1,0,0,0,3.54,0.93
Kevin Gausman,SF,29,4,3,0,0,20.0,20,9,23,2,2,0,1,0,0,0,4.05,1.10
Hyun-Jin Ryu,TOR,33,4,4,0,0,20.0,16,9,24,9,3,1,1,0,0,0,4.05,1.25
Brady Singer,KC,24,4,4,0,0,20.0,18,10,22,8,4,1,1,0,0,0,4.50,1.30
Randy Dobnak,MIN,25,4,4,0,0,20.0,13,2,11,5,0,3,1,0,0,0,0.90,0.90
Dustin May,LAD,22,4,4,0,0,19.2,18,6,17,5,2,1,1,0,0,0,2.75,1.17
Jon Gray,COL,28,4,4,0,0,19.2,23,14,9,4,2,0,2,0,0,0,6.41,1.37
Mike Fiers,OAK,35,4,4,0,0,19.2,25,15,7,5,6,1,1,0,0,0,6.86,1.53
Merrill Kelly,ARI,31,3,3,0,0,19.2,18,5,15,1,4,2,1,0,0,0,2.29,0.97
Max Scherzer,WAS,36,4,4,1,0,19.2,16,6,29,10,1,1,1,0,0,0,2.75,1.32
Alex Cobb,BAL,32,4,4,0,0,19.2,13,6,17,8,3,1,1,0,0,0,2.75,1.07
Mike Minor,TEX,32,4,4,0,0,19.2,17,12,19,8,2,0,3,0,0,0,5.49,1.27
Danny Duffy,KC,31,4,4,0,0,19.1,14,11,20,6,3,0,2,0,0,0,5.12,1.03
Trevor Bauer,CIN,29,3,3,1,1,19.1,7,2,32,4,2,2,0,0,0,0,0.93,0.57
Aaron Nola,PHI,27,3,3,0,0,19.1,10,6,29,2,3,1,1,0,0,0,2.79,0.62
Andrew Heaney,LAA,29,4,4,0,0,19.0,18,9,19,5,1,1,1,0,0,0,4.26,1.21
Rick Porcello,NYM,31,4,4,0,0,19.0,25,12,15,6,1,1,2,0,0,0,5.68,1.63
Aaron Civale,CLE,25,3,3,0,0,19.0,17,6,23,2,2,1,2,0,0,0,2.84,1.00
Zack Wheeler,PHI,30,3,3,0,0,18.2,19,6,8,5,1,2,0,0,0,0,2.89,1.29
Steven Matz,NYM,29,4,4,0,0,18.2,25,17,18,3,8,0,3,0,0,0,8.20,1.50
Johnny Cueto,SF,34,4,4,0,0,18.1,16,11,14,9,3,1,0,0,0,0,5.40,1.36
Carlos Carrasco,CLE,33,3,3,0,0,18.0,12,5,23,6,3,2,1,0,0,0,2.50,1.00
Patrick Corbin,WAS,31,3,3,0,0,18.0,15,5,20,3,2,2,0,0,0,0,2.50,1.00
Spencer Turnbull,DET,27,3,3,0,0,18.0,11,4,18,7,0,2,0,0,0,0,2.00,1.00
Framber Valdez,HOU,26,3,2,0,0,17.2,16,4,19,3,1,0,2,0,0,0,2.04,1.08
Jesus Luzardo,OAK,22,4,2,0,0,17.1,13,5,17,7,1,1,0,0,0,0,2.60,1.15
Touki Toussaint,ATL,24,4,3,0,0,17.1,16,14,23,5,3,0,1,0,0,0,7.27,1.21
Madison Bumgarner,ARI,31,4,4,0,0,17.1,20,18,13,7,7,0,3,0,0,0,9.35,1.56
Tyler Anderson,SF,30,5,3,0,0,17.1,15,7,9,11,3,0,1,0,0,0,3.63,1.50
Adrian Houser,MIL,27,3,3,0,0,17.0,12,5,13,6,2,1,1,0,0,0,2.65,1.06
Robbie Ray,ARI,28,4,4,0,0,17.0,22,20,23,14,7,1,2,0,0,0,10.59,2.12
Kenta Maeda,MIN,32,3,3,0,0,17.0,8,5,16,3,2,2,0,0,0,0,2.65,0.65
Yu Darvish,CHC,33,3,3,0,0,17.0,13,4,16,2,0,2,1,0,0,0,2.12,0.88
Jon Lester,CHC,36,3,3,0,0,17.0,7,2,9,4,1,2,0,0,0,0,1.06,0.65
Antonio Senzatela,COL,25,3,3,0,0,17.0,15,5,14,5,1,3,0,0,0,0,2.65,1.18
David Peterson,NYM,24,3,3,0,0,16.2,16,7,14,6,2,2,1,0,0,0,3.78,1.32
Charlie Morton,TB,36,4,4,0,0,16.2,21,10,17,4,3,1,1,0,0,0,5.40,1.50
Matt Shoemaker,TOR,33,3,3,0,0,16.2,12,9,12,5,5,0,1,0,0,0,4.86,1.02
Chris Bassitt,OAK,31,3,3,0,0,16.2,11,2,15,4,0,1,0,0,0,0,1.08,0.90
Mike Clevinger,CLE,29,3,3,0,0,16.2,12,6,15,10,4,1,1,0,0,0,3.24,1.32
Gio Gonzalez,CWS,34,4,3,0,0,16.1,26,12,14,8,4,0,1,0,0,0,6.61,2.08
Derek Holland,PIT,33,3,3,0,0,16.1,19,15,16,6,6,0,1,0,0,0,8.27,1.53
Logan Webb,SF,23,4,4,0,0,16.0,18,5,13,6,1,1,1,0,0,0,2.81,1.50
Jordan Montgomery,NYY,27,3,3,0,0,15.2,15,9,10,3,3,2,1,0,0,0,5.17,1.15
Cristian Javier,HOU,23,4,3,0,0,15.2,10,7,16,4,4,1,1,0,0,0,4.02,0.89
Ivan Nova,DET,33,3,3,0,0,15.2,17,10,8,7,2,1,0,0,0,0,5.74,1.53
Zach Davies,SD,27,3,3,0,0,15.2,12,5,13,1,2,2,1,0,0,0,2.87,0.83
Yusei Kikuchi,SEA,29,3,3,0,0,15.1,14,9,16,6,0,0,1,0,0,0,5.28,1.30
Kyle Gibson,TEX,32,3,3,0,0,15.1,18,7,15,6,3,0,2,0,0,0,4.11,1.57
Brandon Bielak,HOU,24,4,2,0,0,15.1,12,3,11,7,1,2,0,0,0,0,1.76,1.24
Trevor Williams,PIT,28,3,3,0,0,15.1,12,6,14,5,2,0,3,0,0,0,3.52,1.11
Sean Manaea,OAK,28,4,4,0,0,15.0,24,15,13,4,3,0,2,0,0,0,9.00,1.87
Julio Urias,LAD,24,3,3,0,0,15.0,13,4,10,6,0,1,0,0,0,0,2.40,1.27
Kris Bubic,KC,22,3,3,0,0,15.0,14,9,15,4,3,0,2,0,0,0,5.40,1.20
Tyler Chatwood,CHC,30,3,3,0,0,15.0,17,9,23,4,2,2,1,0,0,0,5.40,1.40
Zack Greinke,HOU,36,3,3,0,0,15.0,12,5,11,3,0,0,0,0,0,0,3.00,1.00
Joe Musgrove,PIT,27,3,3,0,0,14.2,15,11,17,11,4,0,3,0,0,0,6.75,1.77
Matthew Boyd,DET,29,3,3,0,0,14.2,23,15,13,5,3,0,1,0,0,0,9.20,1.91
Walker Buehler,LAD,26,3,3,0,0,14.1,7,7,12,8,4,0,0,0,0,0,4.40,1.05
Griffin Canning,LAA,24,3,3,0,0,14.1,13,5,16,10,1,0,2,0,0,0,3.14,1.60
Wade LeBlanc,BAL,36,3,3,0,0,14.1,15,11,8,2,4,1,0,0,0,0,6.91,1.19
Tommy Milone,BAL,33,3,3,0,0,14.0,13,5,16,3,1,1,1,0,0,0,3.21,1.14
Taijuan Walker,SEA,27,3,3,0,0,14.0,11,9,12,6,2,1,2,0,0,0,5.79,1.21
Michael Wacha,NYM,29,3,3,0,0,14.0,18,10,18,5,3,1,2,0,0,0,6.43,1.64
Sean Newcomb,ATL,27,4,4,0,0,13.2,20,17,10,6,4,0,2,0,0,0,11.20,1.90
Justus Sheffield,SEA,24,3,3,0,0,13.2,12,8,14,6,0,1,2,0,0,0,5.27,1.32
Mike Soroka,ATL,23,3,3,0,0,13.2,11,6,8,7,0,0,1,0,0,0,3.95,1.32
Asher Wojciechowski,BAL,31,3,3,0,0,13.2,11,6,15,5,3,0,2,0,0,0,3.95,1.17
Jeff Samardzija,SF,35,3,3,0,0,13.2,18,15,5,4,6,0,2,0,0,0,9.88,1.61
Dylan Cease,CWS,24,3,3,0,0,13.1,14,6,9,6,3,2,1,0,0,0,4.05,1.50
Alec Mills,CHC,28,2,2,0,0,13.0,5,2,7,5,1,2,0,0,0,0,1.38,0.77
Justin Dunn,SEA,24,3,3,0,0,13.0,11,7,8,10,3,1,1,0,0,0,4.85,1.62
Josh Lindblom,MIL,33,3,3,0,0,12.2,14,8,20,6,4,1,0,0,0,0,5.68,1.58
Matt Andriese,LAA,30,4,1,0,0,12.1,12,8,10,6,0,0,1,0,0,0,5.84,1.46
Corbin Burnes,MIL,25,3,1,0,0,12.1,6,4,19,8,1,0,0,0,0,0,2.92,1.14
Kyle Wright,ATL,24,3,3,0,0,12.0,15,9,11,10,2,0,2,0,0,0,6.75,2.08
Conner Menez,SF,25,7,0,0,0,11.1,6,3,8,5,2,1,0,0,0,0,2.38,0.97
Tyler Alexander,DET,26,5,1,0,0,11.1,8,6,15,4,3,1,1,0,0,0,4.76,1.06
Tyler Glasnow,TB,26,3,3,0,0,11.1,9,7,19,8,3,0,1,0,0,0,5.56,1.50
Zack Godley,BOS,30,3,2,0,0,11.1,13,5,11,4,2,0,1,0,0,0,3.97,1.50
Jordan Lyles,TEX,29,3,2,0,0,11.1,9,7,8,8,1,1,1,0,0,0,5.56,1.50
Anthony DeSclafani,CIN,30,2,2,0,0,11.0,5,0,8,1,0,1,0,0,0,0,0.00,0.55
Jake Arrieta,PHI,34,2,2,0,0,11.0,10,3,10,1,2,1,1,0,0,0,2.45,1.00
Adam Plutko,CLE,28,3,2,0,0,11.0,10,3,7,1,2,1,1,0,0,0,2.45,1.00
Scott Barlow,KC,27,11,0,0,0,11.0,7,2,14,5,0,1,1,1,0,1,1.64,1.09
Jalen Beeks,TB,27,6,0,0,0,10.2,12,6,18,3,1,0,1,0,0,0,5.06,1.41
Michael King,NYY,25,3,1,0,0,10.2,7,9,10,5,3,0,1,0,0,0,7.59,1.13
Erick Fedde,WAS,27,3,2,0,0,10.1,13,4,4,6,2,0,1,0,0,0,3.48,1.84
Luke Weaver,ARI,26,3,3,0,0,10.1,16,14,14,6,5,0,3,0,0,0,12.19,2.13
Burch Smith,OAK,30,5,0,0,0,10.1,4,0,10,1,0,2,0,1,0,0,0.00,0.48
Anibal Sanchez,WAS,36,2,2,0,0,10.1,16,9,11,4,4,0,2,0,0,0,7.84,1.94
James Paxton,NYY,31,3,3,0,0,10.1,16,9,16,2,3,0,1,0,0,0,7.84,1.74
Ryan Weber,BOS,30,3,3,0,0,10.0,15,11,3,9,5,0,2,0,0,0,9.90,2.40
Clayton Kershaw,LAD,32,2,2,0,0,10.0,10,4,12,1,3,1,1,0,0,0,3.60,1.10
Josh Tomlin,ATL,35,7,0,0,0,10.0,2,0,13,2,0,1,0,0,0,1,0.00,0.40
Chad Green,NYY,29,7,0,0,0,10.0,1,1,14,3,0,2,0,0,0,3,0.90,0.40
Matt Wisler,MIN,27,6,0,0,0,10.0,6,2,11,5,2,0,1,0,0,0,1.80,1.10
Colten Brewer,BOS,27,6,0,0,0,10.0,9,4,10,5,1,0,0,0,0,0,3.60,1.40
Ryan Thompson,TB,28,7,1,0,0,10.0,9,1,5,4,1,1,0,0,0,1,0.90,1.30
Patrick Sandoval,LAA,23,2,2,0,0,10.0,8,3,8,2,2,0,1,0,0,0,2.70,1.00
Nate Pearson,TOR,23,2,2,0,0,10.0,4,3,10,5,1,0,0,0,0,0,2.70,0.90
Tyler Mahle,CIN,25,2,2,0,0,10.0,7,2,10,3,0,0,0,0,0,0,1.80,1.00
Pablo Lopez,MIA,24,2,2,0,0,10.0,7,2,11,4,0,1,1,0,0,0,1.80,1.10
Freddy Peralta,MIL,24,3,1,0,0,10.0,5,4,17,4,0,0,1,0,0,1,3.60,0.90
Jonathan Hernandez,TEX,24,8,0,0,0,10.0,4,2,14,4,0,2,0,0,0,3,1.80,0.80
Austin Voth,WAS,28,2,2,0,0,10.0,6,2,7,1,2,0,1,0,0,0,1.80,0.70
Yency Almonte,COL,26,7,0,0,0,9.2,9,5,11,0,1,1,0,1,0,1,4.66,0.93
Elieser Hernandez,MIA,25,2,2,0,0,9.2,6,3,10,2,1,0,0,0,0,0,2.79,0.83
Alex Young,ARI,26,7,0,0,0,9.2,9,5,10,2,3,1,0,0,0,1,4.66,1.14
Taylor Clarke,ARI,27,3,0,0,0,9.2,2,3,8,3,1,0,0,0,0,0,2.79,0.52
Austin Brice,BOS,28,9,1,0,0,9.2,9,9,13,5,2,0,0,0,0,1,8.38,1.45
Phillips Valdez,BOS,28,6,0,0,0,9.1,10,1,8,4,0,0,0,0,0,1,0.96,1.50
Carlos Estevez,COL,27,9,0,0,0,9.1,9,1,7,3,0,1,0,0,0,3,0.96,1.29
Ross Detwiler,CWS,34,6,0,0,0,9.1,3,0,7,0,0,1,0,0,0,0,0.00,0.32
Trevor Richards,TB,27,3,0,0,0,9.1,14,6,8,3,0,0,0,0,0,0,5.79,1.82
Chris Stratton,PIT,29,7,0,0,0,9.1,5,3,13,3,0,0,0,0,0,1,2.89,0.86
Tyler Rogers,SF,29,10,0,0,0,9.1,12,11,8,2,1,1,3,1,1,5,10.61,1.50
Blake Taylor,HOU,24,7,0,0,0,9.0,6,2,10,4,1,1,0,0,1,1,2.00,1.11
Gregory Soto,DET,25,8,0,0,0,9.0,1,0,11,1,0,0,0,0,0,3,0.00,0.22
Chad Kuhl,PIT,27,3,1,0,0,9.0,6,2,12,3,1,0,0,0,0,0,2.00,1.00
Seth Lugo,NYM,30,7,0,0,0,9.0,3,2,9,2,1,1,1,3,2,0,2.00,0.56
Tyler Zuber,KC,25,8,0,0,0,9.0,3,4,6,10,2,1,1,0,0,0,4.00,1.44
Kolby Allard,TEX,22,2,2,0,0,9.0,4,1,9,3,0,0,0,0,0,0,1.00,0.78
Devin Smeltzer,MIN,24,3,1,0,0,9.0,12,8,9,3,2,1,0,0,0,0,8.00,1.67
Daniel Bard,COL,35,8,0,0,0,9.0,10,3,12,0,0,1,0,1,0,1,3.00,1.11
Jakob Junis,KC,27,2,2,0,0,9.0,11,4,4,4,2,0,0,0,0,0,4.00,1.67
Greg Holland,KC,34,9,0,0,0,8.2,6,2,8,4,0,2,0,1,0,2,2.08,1.15
Tyler Clippard,MIN,35,8,2,0,0,8.2,5,2,9,2,1,0,0,0,0,3,2.08,0.81
Andre Scrubb,HOU,25,7,0,0,0,8.2,5,0,8,8,0,0,0,1,0,1,0.00,1.50
Taylor Widener,ARI,25,4,0,0,0,8.2,4,3,10,4,2,0,0,0,0,0,3.12,0.92
Kendall Graveman,SEA,29,2,2,0,0,8.2,9,8,10,5,2,0,2,0,0,0,8.31,1.62
Tejay Antone,CIN,26,2,1,0,0,8.2,3,2,9,5,1,0,1,0,0,0,2.08,0.92
Matt Strahm,SD,28,8,0,0,0,8.2,4,2,4,0,2,0,1,0,1,2,2.08,0.46
Yonny Chirinos,TB,26,2,2,0,0,8.2,9,1,7,4,1,0,0,0,0,0,1.04,1.50
Lewis Thorpe,MIN,24,4,1,0,0,8.2,12,6,4,6,2,0,1,0,0,0,6.23,2.08
Cal Quantrill,SD,25,3,0,0,0,8.2,7,3,8,3,2,2,0,0,0,0,3.12,1.15
Jonathan Loaisiga,NYY,25,3,2,0,0,8.1,6,4,10,4,2,1,0,0,1,0,4.32,1.20
Brent Suter,MIL,30,4,0,0,0,8.1,10,4,8,1,1,2,0,0,0,0,4.32,1.32
Jose Alvarado,TB,25,8,0,0,0,8.1,7,2,11,4,1,0,0,0,0,1,2.16,1.32
Lucas Sims,CIN,26,8,0,0,0,8.1,3,1,11,4,1,1,0,0,2,1,1.08,0.84
Enoli Paredes,HOU,24,7,0,0,0,8.1,8,3,9,6,0,0,0,0,0,2,3.24,1.68
Nick Margevicius,SEA,24,4,1,0,0,8.1,7,3,8,2,2,0,0,0,1,0,3.24,1.08
Travis Lakins,BAL,26,7,0,0,0,8.1,10,3,8,0,0,1,0,1,0,0,3.24,1.20
Ian Gibaut,TEX,26,9,0,0,0,8.1,10,6,11,4,2,0,1,0,1,2,6.48,1.68
Tanner Rainey,WAS,27,8,0,0,0,8.1,1,1,11,2,1,1,0,0,0,4,1.08,0.36
Liam Hendriks,OAK,31,8,0,0,0,8.1,7,2,12,2,1,1,0,5,1,0,2.16,1.08
Felix Pena,LAA,30,6,0,0,0,8.1,6,1,9,1,0,1,0,0,0,2,1.08,0.84
Jose Cisnero,DET,31,8,0,0,0,8.1,9,3,7,2,0,1,1,0,0,3,3.24,1.32
Drew Smyly,SF,31,3,2,0,0,8.1,7,3,11,4,0,0,0,0,0,0,3.24,1.32
Chasen Shreve,NYM,30,4,0,0,0,8.1,5,4,12,3,2,0,0,0,0,0,4.32,0.96
Grant Dayton,ATL,32,6,0,0,0,8.1,8,2,12,2,1,1,0,0,0,0,2.16,1.20
Richard Rodriguez,PIT,30,7,0,0,0,8.0,4,3,11,1,1,0,1,0,0,0,3.38,0.63
Luke Jackson,ATL,28,7,0,0,0,8.0,10,3,5,4,0,1,0,0,0,1,3.38,1.75
Trevor Rosenthal,KC,30,8,0,0,0,8.0,5,1,10,0,1,0,0,3,0,0,1.13,0.63
Dylan Floro,LAD,29,8,0,0,0,8.0,4,0,7,1,0,1,0,0,0,1,0.00,0.63
Noe Ramirez,LAA,30,8,0,0,0,8.0,6,4,5,7,1,0,0,0,0,0,4.50,1.63
Evan Marshall,CWS,30,8,0,0,0,8.0,4,1,12,4,0,0,0,0,1,3,1.13,1.00
Blake Snell,TB,27,3,3,0,0,8.0,7,3,14,4,2,0,0,0,0,0,3.38,1.38
Andrew Kittredge,TB,30,8,1,0,0,8.0,8,2,3,2,0,0,0,1,0,1,2.25,1.25
Tanner Roark,TOR,33,2,2,0,0,8.0,6,5,6,5,2,1,1,0,0,0,5.63,1.38
Yusmeiro Petit,OAK,35,10,0,0,0,8.0,8,3,7,1,2,1,1,0,0,4,3.38,1.13
Ian Kennedy,KC,35,7,0,0,0,8.0,8,4,9,0,4,0,1,0,0,2,4.50,1.00
Josh James,HOU,27,4,2,0,0,8.0,9,12,11,12,4,0,0,0,1,0,13.50,2.63
Jordan Romano,TOR,27,8,0,0,0,8.0,0,0,11,3,0,1,0,0,0,5,0.00,0.38
JT Brubaker,PIT,26,3,1,0,0,8.0,8,3,9,3,1,0,0,0,0,1,3.38,1.38
Ty Buttrey,LAA,27,7,0,0,0,8.0,8,4,3,3,0,0,0,2,3,1,4.50,1.38
Kyle Zimmer,KC,28,4,1,0,0,8.0,5,1,10,2,0,0,0,0,0,0,1.13,0.88
Miguel Castro,BAL,25,8,0,0,0,8.0,8,3,12,2,2,0,0,1,2,2,3.38,1.25
Thomas Hatch,TOR,25,4,1,0,0,8.0,3,3,8,4,2,0,1,0,0,1,3.38,0.88
Cole Sulser,BAL,30,6,0,0,0,8.0,5,5,7,5,1,1,1,3,2,1,5.63,1.25
Anthony Kay,TOR,25,3,0,0,0,8.0,5,1,8,1,1,1,0,0,0,0,1.13,0.75
Shaun Anderson,SF,25,9,0,0,0,8.0,5,4,9,7,3,0,0,0,0,1,4.50,1.50
Matt Foster,CWS,25,5,1,0,0,7.2,2,0,13,2,0,2,0,0,0,0,0.00,0.52
Dennis Santana,LAD,24,5,0,0,0,7.2,7,3,10,2,1,1,0,0,0,0,3.52,1.17
Mike Mayers,LAA,28,9,0,0,0,7.2,6,4,11,3,1,0,0,0,1,1,4.70,1.17
Mitch Keller,PIT,24,2,2,0,0,7.2,7,3,3,4,2,1,1,0,0,0,3.52,1.43
Josh Staumont,KC,26,8,0,0,0,7.2,6,1,14,4,1,0,1,0,0,2,1.17,1.30
Javy Guerra,WAS,34,7,0,0,0,7.2,4,1,8,1,1,0,0,0,0,4,1.17,0.65
Joakim Soria,OAK,36,7,0,0,0,7.2,5,0,13,2,0,1,0,2,0,1,0.00,0.91
Jesse Chavez,TEX,36,8,0,0,0,7.2,9,5,5,1,3,0,0,0,2,2,5.87,1.30
Drew Pomeranz,SD,31,9,0,0,0,7.2,1,0,10,3,0,0,0,4,0,4,0.00,0.52
Pedro Baez,LAD,32,7,0,0,0,7.2,4,1,5,2,0,0,0,1,0,2,1.17,0.78
Masahiro Tanaka,NYY,31,2,2,0,0,7.2,5,1,8,1,0,0,0,0,0,0,1.17,0.78
Tyler Matzek,ATL,29,6,0,0,0,7.2,5,0,10,2,0,2,0,0,1,0,0.00,0.91
T.J. McFarland,OAK,31,8,0,0,0,7.1,6,0,2,1,0,1,0,0,0,4,0.00,0.95
Steve Cishek,CWS,34,9,0,0,0,7.1,9,7,7,4,2,0,0,0,0,0,8.59,1.77
Aaron Bummer,CWS,26,7,0,0,0,7.1,4,1,12,4,0,1,0,0,0,3,1.23,1.09
Wandy Peralta,SF,29,8,0,0,0,7.1,8,4,8,4,2,1,1,0,1,0,4.91,1.64
Blake Treinen,LAD,32,8,0,0,0,7.1,4,0,7,6,0,0,1,0,1,4,0.00,1.36
Tom Eshelman,BAL,26,2,1,0,0,7.1,6,3,3,1,2,0,0,0,0,0,3.68,0.95
Daniel Mengden,OAK,27,2,1,0,0,7.1,10,4,6,4,2,0,1,0,0,0,4.91,1.91
James Karinchak,CLE,24,7,0,0,0,7.1,3,0,13,3,0,0,1,1,0,3,0.00,0.82
Geoff Hartlieb,PIT,26,6,0,0,0,7.1,7,2,5,4,0,1,0,0,0,0,2.45,1.50
Rony Garcia,DET,22,3,2,0,0,7.1,8,6,5,2,3,0,0,0,0,0,7.36,1.36
Caleb Baragar,SF,26,7,0,0,0,7.1,6,6,5,1,2,2,0,0,0,1,7.36,0.95
Edwin Diaz,NYM,26,8,0,0,0,7.1,5,2,15,4,1,0,0,1,1,1,2.45,1.23
Taylor Williams,SEA,29,7,0,0,0,7.1,6,4,10,1,1,0,0,3,0,1,4.91,0.95
Nestor Cortes,SEA,25,4,0,0,0,7.1,7,6,7,4,4,0,0,0,0,0,7.36,1.50
Joe Jimenez,DET,25,7,0,0,0,7.0,8,5,6,1,1,0,1,5,1,0,6.43,1.29
Peter Fairbanks,TB,26,7,0,0,0,7.0,9,5,13,5,1,2,1,0,1,1,6.43,2.00
Steven Brault,PIT,28,4,3,0,0,7.0,4,4,6,6,0,0,0,0,0,0,5.14,1.43
Stefan Crichton,ARI,28,8,0,0,0,7.0,9,2,10,3,1,0,0,0,1,0,2.57,1.71
Tyler Duffey,MIN,29,7,0,0,0,7.0,2,0,10,0,0,0,0,0,0,5,0.00,0.29
John Means,BAL,27,2,2,0,0,7.0,4,6,6,1,2,0,1,0,0,0,7.71,0.71
Cody Stashak,MIN,26,6,0,0,0,7.0,5,3,10,2,2,0,0,0,0,2,3.86,1.00
Yohan Ramirez,SEA,25,4,0,0,0,7.0,4,3,12,8,2,0,0,0,0,0,3.86,1.71
Jack Flaherty,STL,24,1,1,0,0,7.0,6,2,6,0,0,1,0,0,0,0,2.57,0.86
Vince Velasquez,PHI,28,2,2,0,0,7.0,6,5,10,5,2,0,0,0,0,0,6.43,1.57
A.J. Cole,TOR,28,6,0,0,0,7.0,2,0,7,2,0,1,0,0,0,0,0.00,0.57
Josh Osich,BOS,31,7,1,0,0,7.0,6,3,7,2,1,0,1,0,0,0,3.86,1.14
Heath Hembree,BOS,31,7,0,0,0,7.0,4,2,5,2,1,2,0,0,1,1,2.57,0.86
Jairo Diaz,COL,29,8,0,0,0,7.0,10,3,7,3,0,0,0,3,0,3,3.86,1.86
Matt Barnes,BOS,30,7,0,0,0,7.0,5,4,7,6,2,1,1,0,1,3,5.14,1.57
Ryne Harper,WAS,31,7,0,0,0,7.0,7,3,9,3,1,1,0,0,0,1,3.86,1.43
Shawn Armstrong,BAL,29,6,0,0,0,7.0,5,2,8,1,1,1,0,0,0,2,2.57,0.86
Dovydas Neverauskas,PIT,27,7,0,0,0,7.0,10,5,9,3,1,0,2,0,0,0,6.43,1.86
Rafael Dolis,TOR,32,7,0,0,0,7.0,6,2,7,3,1,0,0,0,0,4,2.57,1.29
J.A. Happ,NYY,37,2,2,0,0,7.0,7,8,3,8,3,0,1,0,0,0,10.29,2.14
Craig Stammen,SD,36,7,0,0,0,7.0,4,3,4,3,1,1,1,0,1,3,3.86,1.00
Chaz Roe,TB,33,7,0,0,0,7.0,9,3,7,0,0,2,0,0,0,1,3.86,1.29
Kenley Jansen,LAD,32,7,0,0,0,7.0,3,1,7,3,0,0,0,4,0,0,1.29,0.86
Anthony Bass,TOR,32,7,0,0,0,7.0,4,3,3,2,1,0,0,3,1,2,3.86,0.86
Trevor May,MIN,30,7,0,0,0,7.0,6,3,11,2,2,1,0,1,0,3,3.86,1.14
Alex Colome,CWS,31,7,0,0,0,7.0,5,0,6,1,0,0,0,4,0,0,0.00,0.86
Matt Magill,SEA,30,7,0,0,0,7.0,1,0,8,4,0,0,0,0,0,1,0.00,0.71
David Phelps,MIL,33,6,0,0,0,6.2,3,1,9,2,0,1,1,0,0,2,1.35,0.75
Jake Diekman,OAK,33,7,0,0,0,6.2,2,0,9,4,0,0,0,0,0,4,0.00,0.90
Junior Guerra,ARI,35,7,0,0,0,6.2,0,0,4,2,0,1,0,0,0,0,0.00,0.30
Adam Ottavino,NYY,34,8,0,0,0,6.2,3,1,6,4,0,2,1,0,0,1,1.35,1.05
Brett Anderson,MIL,32,2,2,0,0,6.2,9,4,4,2,1,0,1,0,0,0,5.40,1.65
Zack Britton,NYY,32,7,0,0,0,6.2,3,1,5,2,0,0,1,6,0,0,1.35,0.75
Marcus Walden,BOS,31,5,0,0,0,6.2,7,3,7,6,0,0,1,0,0,0,4.05,1.95
Jacob Barnes,LAA,30,7,0,0,0,6.2,7,3,6,2,0,0,2,0,0,1,4.05,1.35
Cy Sneed,HOU,27,7,0,0,0,6.2,11,5,6,5,1,0,3,0,2,2,6.75,2.40
Shane Greene,ATL,31,7,0,0,0,6.2,3,0,6,0,0,0,0,0,0,2,0.00,0.45
Caleb Ferguson,LAD,24,8,0,0,0,6.2,4,1,10,1,1,0,0,0,0,3,1.35,0.75
Raisel Iglesias,CIN,30,6,0,0,0,6.2,5,3,12,0,1,1,1,2,0,0,4.05,0.75
Cam Hill,CLE,26,7,0,0,0,6.2,4,5,7,2,1,0,0,1,0,1,6.75,0.90
Brusdar Graterol,LAD,21,7,0,0,0,6.2,6,4,6,1,0,0,2,0,0,1,5.40,1.05
A.J. Minter,ATL,26,7,0,0,0,6.2,5,1,8,1,0,0,0,0,0,2,1.35,0.90
Jonathan Holder,NYY,27,5,0,0,0,6.2,5,0,6,3,0,0,0,0,0,0,0.00,1.20
J.B. Wendelken,OAK,27,6,0,0,0,6.2,6,3,8,4,1,1,0,0,0,0,4.05,1.50
Emilio Pagan,SD,29,7,0,0,0,6.2,5,5,4,4,1,0,0,0,2,5,6.75,1.35
Keynan Middleton,LAA,26,7,0,0,0,6.2,10,3,7,2,2,0,0,0,0,2,4.05,1.80
Javy Guerra,SD,24,7,0,0,0,6.2,12,6,7,2,0,0,0,0,0,2,8.10,2.10
Sandy Alcantara,MIA,24,1,1,0,0,6.2,3,1,7,2,1,1,0,0,0,0,1.35,0.75
Dan Altavilla,SEA,27,7,0,0,0,6.2,7,6,5,4,1,1,1,1,0,0,8.10,1.65
Eric Yardley,MIL,29,7,0,0,0,6.2,6,0,5,2,0,0,0,0,0,0,0.00,1.20
Devin Williams,MIL,25,6,0,0,0,6.1,3,1,12,4,1,1,1,0,0,1,1.42,1.11
Tyler Kinley,COL,29,7,0,0,0,6.1,0,0,9,4,0,0,0,0,0,3,0.00,0.63
Jeff Hoffman,COL,27,3,0,0,0,6.1,1,0,7,2,0,2,0,0,0,0,0.00,0.47
Anthony Misiewicz,SEA,25,6,0,0,0,6.1,5,4,10,3,1,0,1,0,0,2,5.68,1.26
Codi Heuer,CWS,24,5,0,0,0,6.1,6,3,8,0,1,0,0,1,0,0,4.26,0.95
Aaron Loup,TB,32,6,0,0,0,6.1,5,1,8,2,0,1,0,0,0,1,1.42,1.11
Taylor Rogers,MIN,29,7,0,0,0,6.1,7,4,8,0,1,1,2,4,1,0,5.68,1.11
Buck Farmer,DET,29,7,0,0,0,6.1,4,2,1,3,0,1,0,0,0,4,2.84,1.11
Hansel Robles,LAA,29,7,0,0,0,6.1,10,9,8,4,3,0,1,1,1,0,12.79,2.21
Amir Garrett,CIN,28,7,0,0,0,6.1,3,3,10,2,2,0,0,0,1,0,4.26,0.79
Nate Jones,CIN,34,7,0,0,0,6.1,6,3,9,2,2,0,1,0,0,2,4.26,1.26
Jake McGee,LAD,34,7,0,0,0,6.1,2,0,10,1,0,1,0,0,0,1,0.00,0.47
Daniel Hudson,WAS,33,6,0,0,0,6.1,3,3,9,2,1,1,1,3,1,0,4.26,0.79
Nik Turley,PIT,30,7,0,0,0,6.1,5,4,3,6,0,0,0,0,1,0,5.68,1.74
Jeurys Familia,NYM,30,7,0,0,0,6.1,6,4,6,6,0,0,0,0,0,2,5.68,1.89
Joe Kelly,LAD,32,7,0,0,0,6.1,5,0,5,5,0,0,0,0,0,2,0.00,1.58
David Hale,NYY,32,5,0,0,0,6.0,7,2,7,3,0,0,0,1,0,0,3.00,1.67
Adam Wainwright,STL,38,1,1,0,0,6.0,3,1,5,1,0,1,0,0,0,0,1.50,0.67
Sergio Romo,MIN,37,6,0,0,0,6.0,2,2,7,1,1,0,0,2,0,4,3.00,0.50
Justin Verlander,HOU,37,1,1,0,0,6.0,3,2,7,1,2,1,0,0,0,0,3.00,0.67
Jeremy Jeffress,CHC,32,6,0,0,0,6.0,0,0,4,1,0,1,0,1,0,3,0.00,0.17
Jace Fry,CWS,27,6,0,0,0,6.0,8,5,6,3,1,0,0,0,0,0,7.50,1.83
Luis Perdomo,SD,27,4,1,0,0,6.0,5,4,4,4,0,0,0,0,0,0,6.00,1.50
Sam Selman,SF,29,5,0,0,0,6.0,3,1,10,1,1,0,0,0,0,0,1.50,0.67
Pierce Johnson,SD,29,6,0,0,0,6.0,5,1,7,1,1,1,0,0,0,0,1.50,1.00
Rico Garcia,SF,26,9,0,0,0,6.0,12,5,3,2,1,0,1,0,1,2,7.50,2.33
Zac Grotz,SEA,27,4,0,0,0,6.0,8,8,3,7,3,0,0,0,0,0,12.00,2.50
Nick Wittgren,CLE,29,6,0,0,0,6.0,5,1,7,0,1,0,0,0,0,2,1.50,0.83
Trevor Gott,SF,27,6,0,0,0,6.0,3,1,3,3,1,1,0,4,0,1,1.50,1.00
Paul Sewald,NYM,30,5,0,0,0,6.0,12,9,2,4,1,0,0,0,0,0,13.50,2.67
Duane Underwood,CHC,26,4,0,0,0,6.0,7,6,5,3,2,0,0,0,0,0,9.00,1.67
Kevin McCarthy,KC,28,5,0,0,0,6.0,10,3,2,2,1,0,0,0,0,0,4.50,2.00
Lou Trivino,OAK,28,5,0,0,0,6.0,5,5,8,2,1,0,0,0,1,0,7.50,1.17
Nick Pivetta,PHI,27,3,0,0,0,5.2,10,10,4,1,3,0,0,0,0,1,15.88,1.94
Eric Lauer,MIL,25,2,1,0,0,5.2,6,6,8,4,1,0,1,0,0,0,9.53,1.76
Diego Castillo,TB,26,7,0,0,0,5.2,1,0,8,3,0,1,0,0,0,0,0.00,0.71
Jimmy Cordero,CWS,28,8,0,0,0,5.2,6,3,4,2,0,0,1,0,0,2,4.76,1.41
Evan Phillips,BAL,25,6,0,0,0,5.2,6,5,6,3,0,1,1,0,0,1,7.94,1.59
John Schreiber,DET,26,5,0,0,0,5.2,2,0,3,0,0,0,0,0,0,1,0.00,0.35
Archie Bradley,ARI,28,5,0,0,0,5.2,4,1,8,2,0,1,0,4,1,0,1.59,1.06
Michael Fulmer,DET,27,2,2,0,0,5.2,8,4,4,2,3,0,0,0,0,0,6.35,1.76
Stephen Tarpley,MIA,27,6,0,0,0,5.2,5,2,3,3,1,2,1,1,0,0,3.18,1.41
Carlos Rodon,CWS,27,2,2,0,0,5.2,7,6,5,3,1,0,1,0,0,0,9.53,1.76
Oliver Perez,CLE,38,6,0,0,0,5.2,1,0,6,0,0,0,0,1,0,1,0.00,0.18
Edinson Volquez,TEX,37,7,0,0,0,5.2,6,4,3,2,0,2,1,0,0,0,6.35,1.41
Jared Hughes,NYM,35,4,0,0,0,5.2,1,0,6,3,0,0,0,0,0,1,0.00,0.71
Hector Rondon,ARI,32,7,0,0,0,5.1,7,6,7,5,3,1,0,0,0,1,10.13,2.25
Oliver Drake,TB,33,5,0,0,0,5.1,3,2,4,3,0,0,2,2,1,0,3.38,1.13
Taylor Guilbeau,SEA,27,5,0,0,0,5.1,6,1,2,3,0,0,0,0,0,0,1.69,1.69
Nick Anderson,TB,30,7,0,0,0,5.1,3,0,8,1,0,1,0,2,0,1,0.00,0.75
Alex Claudio,MIL,28,5,0,0,0,5.1,5,2,3,2,0,0,0,0,0,0,3.38,1.31
Ryan Tepera,CHC,32,5,0,0,0,5.1,4,3,8,1,1,0,0,0,0,0,5.06,0.94
Scott Alexander,LAD,31,5,0,0,0,5.1,2,0,7,2,0,0,0,0,0,2,0.00,0.75
Adam Kolarek,LAD,31,5,0,0,0,5.1,4,0,3,0,0,2,0,0,0,0,0.00,0.75
Michael Lorenzen,CIN,28,7,0,0,0,5.1,9,10,6,5,3,0,1,0,1,1,16.88,2.63
Joey Lucchesi,SD,27,2,2,0,0,5.1,11,5,5,2,0,0,1,0,0,0,8.44,2.44
Bryan Garcia,DET,25,6,0,0,0,5.1,6,2,1,1,0,2,0,0,1,0,3.38,1.31
Brandon Bailey,HOU,25,4,0,0,0,5.1,5,2,1,2,1,0,0,0,0,0,3.38,1.31
Jacob Waguespack,TOR,26,4,0,0,0,5.1,3,0,6,5,0,0,0,0,0,1,0.00,1.50
Sam Howard,PIT,27,4,0,0,0,5.0,4,1,7,2,0,1,0,0,0,0,1.80,1.20
Kyle Funkhouser,DET,26,4,0,0,0,5.0,8,5,5,2,0,0,1,0,0,0,9.00,2.00
Glenn Sparkman,KC,28,4,0,0,0,5.0,9,3,2,1,0,0,0,0,0,0,5.40,2.00
Cody Reed,CIN,27,6,0,0,0,5.0,9,6,5,4,2,0,1,0,0,0,10.80,2.60
Brad Keller,KC,25,1,1,0,0,5.0,3,0,7,2,0,1,0,0,0,0,0.00,1.00
Jorge Alcala,MIN,25,3,0,0,0,5.0,3,2,8,1,1,0,0,0,0,0,3.60,0.80
Drew Smith,NYM,26,6,0,0,0,5.0,3,1,5,0,0,0,0,0,0,2,1.80,0.60
David Hess,BAL,27,2,0,0,0,5.0,8,3,1,2,0,0,0,0,0,0,5.40,2.00
Kevin Ginkel,ARI,26,7,0,0,0,5.0,11,9,6,5,1,0,1,0,0,0,16.20,3.20
Tanner Scott,BAL,26,6,0,0,0,5.0,2,1,7,3,0,0,0,0,0,2,1.80,1.00
Jordan Weems,OAK,27,2,0,0,0,5.0,5,2,5,1,0,0,0,0,0,0,3.60,1.20
Luis Avilan,NYY,31,6,0,0,0,5.0,4,2,8,3,1,0,0,0,0,0,3.60,1.40
Mychal Givens,BAL,30,5,0,0,0,5.0,3,0,8,2,0,0,0,0,0,2,0.00,1.00
Jhoulys Chacin,ATL,32,2,0,0,0,5.0,6,4,3,3,1,1,0,0,0,0,7.20,1.80
Ryan Brasier,BOS,32,6,1,0,0,5.0,7,4,5,3,0,0,0,0,0,1,7.20,2.00
Mark Melancon,ATL,35,5,0,0,0,5.0,3,0,2,1,0,1,0,3,0,0,0.00,0.80
Brandon Workman,BOS,31,5,0,0,0,5.0,5,1,7,3,0,0,0,3,0,0,1.80,1.60
Brandon Kintzler,MIA,36,5,0,0,0,5.0,5,1,2,1,0,0,0,3,0,0,1.80,1.20
Rich Hill,MIN,40,1,1,0,0,5.0,2,0,2,1,0,1,0,0,0,0,0.00,0.60
Deolis Guerra,PHI,31,6,0,0,0,5.0,4,6,6,1,3,1,2,0,0,0,10.80,1.00
Homer Bailey,MIN,34,1,1,0,0,5.0,4,2,4,2,1,1,0,0,0,0,3.60,1.20
Darren O'Day,ATL,37,5,0,0,0,4.2,4,1,6,3,0,1,0,0,1,0,1.93,1.50
Julio Teheran,LAA,29,2,2,0,0,4.2,7,7,3,4,2,0,1,0,0,0,13.50,2.36
Brad Hand,CLE,30,6,0,0,0,4.2,4,4,7,3,0,0,1,4,0,1,7.71,1.50
John Curtiss,TB,27,2,0,0,0,4.2,4,1,5,0,0,1,0,0,0,0,1.93,0.86
Kyle Ryan,CHC,28,5,0,0,0,4.2,7,4,2,0,1,0,0,1,0,2,7.71,1.50
Nick Nelson,NYY,24,2,0,0,0,4.2,7,6,4,3,1,1,0,0,0,0,11.57,2.14
Tim Hill,SD,30,7,0,0,0,4.2,6,5,7,1,2,0,0,0,0,2,9.64,1.50
Matt Hall,BOS,27,2,1,0,0,4.2,7,8,5,4,1,0,1,0,0,0,15.43,2.36
Jeffrey Springs,BOS,27,4,0,0,0,4.2,10,8,6,2,2,0,1,0,0,0,15.43,2.57
Nivaldo Rodriguez,HOU,23,4,0,0,0,4.2,10,4,3,3,2,0,1,0,0,0,7.71,2.79
Spencer Howard,PHI,24,1,1,0,0,4.2,7,4,4,1,2,0,1,0,0,0,7.71,1.71
Corey Knebel,MIL,28,6,0,0,0,4.2,6,4,5,2,2,0,0,0,1,0,7.71,1.71
Paul Fry,BAL,28,7,0,0,0,4.2,8,2,6,2,1,1,0,0,0,1,3.86,2.14
Adam Cimber,CLE,29,5,0,0,0,4.2,2,0,3,1,0,0,0,0,0,2,0.00,0.64
Carl Edwards,SEA,28,5,0,0,0,4.2,2,1,6,1,0,0,0,1,0,1,1.93,0.64
Jimmy Herget,TEX,26,5,0,0,0,4.1,5,5,4,6,1,0,0,0,0,1,10.38,2.54
Carson Fulmer,DET,26,5,0,0,0,4.1,6,4,4,1,0,0,0,0,0,0,8.31,1.62
Gabe Speier,KC,25,6,0,0,0,4.1,7,3,4,2,0,0,0,0,0,1,6.23,2.08
Dakota Hudson,STL,25,1,1,0,0,4.1,7,4,4,1,2,0,1,0,0,0,8.31,1.85
Phil Maton,CLE,27,5,0,0,0,4.1,5,1,6,0,1,1,0,0,0,0,2.08,1.15
Daniel Castano,MIA,25,1,1,0,0,4.1,5,4,4,1,2,0,1,0,0,0,8.31,1.38
Yoan Lopez,ARI,27,5,0,0,0,4.1,3,2,3,2,1,0,0,0,0,0,4.15,1.15
Erik Swanson,SEA,26,4,0,0,0,4.1,3,3,5,1,2,0,0,0,0,1,6.23,0.92
Dylan Covey,BOS,28,3,0,0,0,4.1,4,2,2,0,0,0,0,0,0,0,4.15,0.92
Cam Bedrosian,LAA,28,4,0,0,0,4.1,3,1,3,4,0,0,0,0,0,0,2.08,1.62
Joely Rodriguez,TEX,28,4,0,0,0,4.1,3,1,6,3,0,0,0,0,0,3,2.08,1.38
Kirby Yates,SD,33,5,0,0,0,4.1,7,5,7,4,1,0,1,2,0,1,10.38,2.54
Hoby Milner,LAA,29,8,0,0,0,4.1,2,1,4,1,1,0,0,0,0,1,2.08,0.69
Roberto Osuna,HOU,25,4,0,0,0,4.1,3,1,3,0,0,0,0,1,0,1,2.08,0.69
Andrew Chafin,ARI,30,8,0,0,0,4.1,5,5,7,4,1,0,1,0,1,3,10.38,2.08
Justin Wilson,NYM,32,6,0,0,0,4.1,6,3,7,4,0,0,1,0,0,4,6.23,2.31
Sam Freeman,WAS,33,6,0,0,0,4.1,2,0,6,6,0,0,0,0,0,1,0.00,1.85
Stephen Strasburg,WAS,32,1,1,0,0,4.1,7,5,2,1,0,0,0,0,0,0,10.38,1.85
Bryan Shaw,SEA,32,5,0,0,0,4.1,10,10,3,4,1,1,0,0,1,0,20.77,3.23
Tommy Hunter,PHI,34,5,0,0,0,4.1,8,4,4,1,0,0,1,0,0,0,8.31,2.08
Brad Boxberger,MIA,32,5,0,0,0,4.1,2,0,4,3,0,0,0,0,0,1,0.00,1.15
Dellin Betances,NYM,32,6,0,0,0,4.1,5,4,3,3,0,0,0,0,0,2,8.31,1.85
Brooks Raley,CIN,32,4,0,0,0,4.0,5,4,6,2,0,0,0,0,0,0,9.00,1.75
Chris Martin,ATL,34,4,0,0,0,4.0,2,1,3,1,1,0,1,1,0,1,2.25,0.75
Daniel Ponce de Leon,STL,28,2,1,0,0,4.0,2,3,8,3,1,0,1,0,0,0,6.75,1.25
Nick Goody,TEX,29,7,0,0,0,4.0,4,2,2,3,1,0,0,1,0,0,4.50,1.75
Yacksel Rios,PIT,27,3,0,0,0,4.0,3,4,3,2,0,0,0,0,0,1,9.00,1.25
Wander Suero,WAS,28,3,0,0,0,4.0,7,4,2,1,0,0,0,0,0,0,9.00,2.00
Jordan Yamamoto,MIA,24,1,1,0,0,4.0,6,4,4,0,2,0,0,0,0,0,9.00,1.50
Ryan Castellani,COL,24,1,1,0,0,4.0,0,0,3,1,0,0,0,0,0,0,0.00,0.25
Franklyn Kilome,NYM,25,1,0,0,0,4.0,2,2,5,0,1,0,0,0,0,0,4.50,0.50
Trent Thornton,TOR,26,1,1,0,0,4.0,8,1,3,2,0,0,0,0,0,0,2.25,2.50
Ian Hamilton,CWS,25,4,0,0,0,4.0,4,2,4,5,0,0,0,0,0,0,4.50,2.25
Tony Gonsolin,LAD,26,1,1,0,0,4.0,1,0,1,1,0,0,0,0,0,0,0.00,0.50
Josh Hader,MIL,26,4,0,0,0,4.0,0,0,6,2,0,0,0,3,0,0,0.00,0.50
Ryan Borucki,TOR,26,4,0,0,0,4.0,1,0,9,2,0,1,0,0,0,2,0.00,0.75
Jake Newberry,KC,25,4,0,0,0,4.0,6,1,5,2,0,0,0,0,0,1,2.25,2.00
Justin Shafer,MIA,27,3,0,0,0,4.0,3,2,4,3,0,0,0,0,0,0,4.50,1.50
Corey Oswalt,NYM,26,1,0,0,0,4.0,7,5,3,1,3,0,0,0,0,0,11.25,2.00
Zach Eflin,PHI,26,1,1,0,0,4.0,4,0,5,1,0,0,0,0,0,0,0.00,1.25
Kyle Finnegan,WAS,28,3,0,0,0,3.2,2,0,1,0,0,0,0,0,0,0,0.00,0.55
Sam Coonrod,SF,27,4,0,0,0,3.2,4,3,2,3,0,0,0,0,0,1,7.36,1.91
Joey Gerber,SEA,23,3,0,0,0,3.2,3,3,0,2,0,0,0,0,0,0,7.36,1.36
Ronald Bolanos,KC,23,2,2,0,0,3.2,8,5,2,3,2,0,2,0,0,0,12.27,3.00
Luis Patino,SD,20,2,0,0,0,3.2,5,5,5,4,2,0,0,0,0,0,12.27,2.45
Brett Martin,TEX,25,4,0,0,0,3.2,1,1,4,5,0,0,0,0,0,2,2.45,1.64
Carlos Martinez,STL,28,1,1,0,0,3.2,7,6,2,1,2,0,1,0,0,0,14.73,2.18
Luis Cessa,NYY,28,3,0,0,0,3.2,4,1,3,0,0,0,0,0,0,0,2.45,1.09
Mike Morin,MIA,29,2,0,0,0,3.2,1,0,2,1,0,1,0,0,0,0,0.00,0.55
Rowan Wick,CHC,27,4,0,0,0,3.2,4,0,2,1,0,0,0,2,0,0,0.00,1.36
Casey Sadler,CHC,30,4,0,0,0,3.2,3,1,5,3,1,0,0,0,0,2,2.45,1.64
Miguel Del Pozo,PIT,27,5,0,0,0,3.2,7,7,2,8,0,0,0,0,2,0,17.18,4.09
Daniel Norris,DET,27,2,1,0,0,3.2,5,2,2,2,0,1,1,0,0,0,4.91,1.91
Tony Watson,SF,35,5,0,0,0,3.2,2,1,3,1,1,0,0,0,0,2,2.45,0.82
Ryan Pressly,HOU,31,5,0,0,0,3.2,9,4,4,3,0,0,1,1,2,0,9.82,3.27
Ryan Buchter,LAA,33,7,0,0,0,3.1,3,1,5,4,1,2,0,0,0,0,2.70,2.10
Brian Moran,MIA,31,3,0,0,0,3.1,1,2,5,3,0,1,0,0,0,0,5.40,1.20
Jose Alvarez,PHI,31,4,0,0,0,3.1,3,0,3,1,0,0,0,0,0,1,0.00,1.20
Chris Rusin,ATL,33,1,0,0,0,3.1,6,3,3,3,1,0,0,0,0,0,8.10,2.70
Hector Neris,PHI,31,4,0,0,0,3.1,5,3,4,2,0,0,0,2,1,0,8.10,2.10
Sean Gilmartin,TB,30,1,0,0,0,3.1,5,3,4,1,2,0,0,0,0,0,8.10,1.80
Mike Foltynewicz,ATL,28,1,1,0,0,3.1,4,6,3,4,3,0,1,0,0,0,16.20,2.40
Caleb Thielbar,MIN,33,2,0,0,0,3.1,6,2,3,2,0,0,0,0,0,0,5.40,2.40
Robbie Erlin,PIT,29,2,0,0,0,3.1,5,2,4,1,0,0,0,0,0,0,5.40,1.80
Bryan Abreu,HOU,23,4,0,0,0,3.1,1,1,3,7,0,0,0,0,0,0,2.70,2.40
Cody Ponce,PIT,26,2,0,0,0,3.1,3,2,3,1,2,0,1,0,0,0,5.40,1.20
Beau Burrows,DET,23,2,0,0,0,3.1,3,3,1,1,2,0,0,0,0,0,8.10,1.20
Robert Dugger,MIA,25,1,1,0,0,3.1,6,4,2,1,1,0,0,0,0,0,10.80,2.10
Trevor Kelley,PHI,26,4,0,0,0,3.1,8,4,5,1,2,0,0,0,0,0,10.80,2.70
Austin Gomber,STL,26,2,0,0,0,3.1,0,0,1,1,0,0,0,0,0,0,0.00,0.30
Dominic Leone,CLE,28,4,0,0,0,3.1,3,1,4,2,0,0,0,0,0,2,2.70,1.50
Luke Farrell,TEX,29,3,0,0,0,3.1,5,5,6,4,1,0,0,0,0,0,13.50,2.70
Alex Wood,LAD,29,1,1,0,0,3.0,3,3,4,3,1,0,1,0,0,0,9.00,2.00
James Hoyt,MIA,33,4,0,0,0,3.0,2,1,5,0,0,0,0,0,0,2,3.00,0.67
Chi Chi Gonzalez,COL,28,1,1,0,0,3.0,5,3,3,1,2,0,0,0,0,0,9.00,2.00
Caleb Smith,MIA,29,1,1,0,0,3.0,1,1,3,6,1,0,0,0,0,0,3.00,2.33
Chad Sobotka,ATL,27,3,0,0,0,3.0,1,0,1,2,0,0,0,0,0,0,0.00,1.00
Zack Littell,MIN,24,2,0,0,0,3.0,6,4,1,3,3,0,0,0,0,0,12.00,3.00
Sean Poppen,MIN,26,2,0,0,0,3.0,4,1,5,2,0,0,0,0,0,0,3.00,2.00
Logan Allen,CLE,23,1,0,0,0,3.0,4,1,1,2,0,0,0,0,0,0,3.00,2.00
Humberto Castellanos,HOU,22,3,0,0,0,3.0,1,1,2,1,0,0,0,0,0,0,3.00,0.67
Chase Anderson,TOR,32,1,1,0,0,3.0,1,1,1,2,0,0,0,0,0,0,3.00,1.00
Rafael Montero,TEX,29,3,0,0,0,3.0,0,0,3,0,0,0,0,3,0,0,0.00,0.00
Colin Rea,CHC,30,2,0,0,0,3.0,1,0,3,0,0,0,0,0,0,0,0.00,0.33
Richard Bleier,BAL,33,2,0,0,0,3.0,1,0,4,0,0,0,0,0,0,0,0.00,0.33
Nick Vincent,MIA,34,2,0,0,0,3.0,1,0,1,1,0,1,0,1,0,0,0.00,0.67
Jake Odorizzi,MIN,30,1,1,0,0,3.0,4,2,2,2,1,0,0,0,0,0,6.00,2.00
Justin Grimm,MIL,30,2,0,0,0,3.0,3,3,4,1,2,0,0,0,0,0,9.00,1.33
Sean Doolittle,WAS,33,5,0,0,0,3.0,7,5,2,2,3,0,1,0,0,1,15.00,3.00
Wade Davis,COL,34,3,0,0,0,2.2,3,5,1,3,2,0,1,2,1,0,16.88,2.25
Wilmer Font,TOR,30,5,0,0,0,2.2,10,6,3,1,1,0,1,0,0,0,20.25,4.13
Craig Kimbrel,CHC,32,4,0,0,0,2.2,6,7,2,5,2,0,0,0,0,2,23.63,4.13
Robbie Erlin,ATL,29,1,0,0,0,2.2,4,4,5,0,3,0,0,0,0,0,13.50,1.50
Dan Winkler,CHC,30,3,0,0,0,2.2,1,2,4,4,1,0,0,0,0,0,6.75,1.88
Chris Mazza,BOS,30,1,0,0,0,2.2,1,0,3,2,0,0,0,0,0,0,0.00,1.13
John Gant,STL,28,2,0,0,0,2.2,0,0,2,1,0,0,0,0,0,1,0.00,0.38
Yimi Garcia,MIA,29,2,0,0,0,2.2,2,0,2,3,0,0,0,0,0,1,0.00,1.88
Josh A. Smith,MIA,33,2,1,0,0,2.2,2,1,1,1,1,0,0,0,0,0,3.38,1.13
Phillip Diehl,COL,26,3,0,0,0,2.2,4,4,2,0,1,0,0,0,0,0,13.50,1.50
Kodi Whitley,STL,25,2,0,0,0,2.2,0,0,3,0,0,0,0,0,0,0,0.00,0.00
Ryan Helsley,STL,26,2,0,0,0,2.2,0,0,2,0,0,0,0,0,0,1,0.00,0.00
Austin Davis,PHI,27,3,0,0,0,2.2,9,5,2,0,1,0,0,0,0,0,16.88,3.38
Sterling Sharp,MIA,25,2,0,0,0,2.2,1,0,1,0,0,0,0,0,0,0,0.00,0.38
Joe Palumbo,TEX,25,2,0,0,0,2.1,3,3,5,3,1,0,1,0,0,0,11.57,2.57
Tyler Webb,STL,30,3,0,0,0,2.1,1,0,2,0,0,0,0,0,0,0,0.00,0.43
Nick Neidert,MIA,23,1,0,0,0,2.1,1,0,0,1,0,0,0,0,0,0,0.00,0.86
Huascar Ynoa,ATL,22,1,1,0,0,2.1,1,1,1,1,0,0,0,0,0,0,3.86,0.86
Humberto Mejia,MIA,23,1,1,0,0,2.1,2,1,6,2,1,0,0,0,0,0,3.86,1.71
David Bednar,SD,25,2,0,0,0,2.1,3,1,1,0,1,0,0,0,0,0,3.86,1.29
Kyle Keller,LAA,27,2,0,0,0,2.1,3,2,1,2,0,0,0,0,0,0,7.71,2.14
Bobby Wahl,MIL,28,3,0,0,0,2.1,4,3,1,0,2,0,1,0,0,0,11.57,1.71
Nick Burdi,PIT,27,3,0,0,0,2.1,2,1,4,2,0,0,1,1,0,0,3.86,1.71
Rex Brothers,CHC,32,2,0,0,0,2.1,2,3,5,3,2,0,0,0,0,0,11.57,2.14
Kelvin Herrera,CWS,30,2,0,0,0,2.1,3,4,3,1,2,0,0,0,0,0,15.43,1.71
Hunter Strickland,NYM,31,3,0,0,0,2.1,5,3,2,0,0,0,1,0,0,0,11.57,2.14
Pedro Strop,CIN,35,4,0,0,0,2.1,1,1,3,6,0,0,0,0,0,1,3.86,3.00
Cory Gearrin,MIN,34,1,0,0,0,2.0,0,0,1,2,0,0,0,0,0,0,0.00,1.00
Mike Montgomery,KC,31,1,1,0,0,2.0,5,3,1,0,1,0,0,0,0,0,13.50,2.50
Chris Devenski,HOU,29,2,0,0,0,2.0,4,3,4,1,0,0,1,0,1,0,13.50,2.50
Adam Morgan,PHI,30,4,0,0,0,2.0,2,2,3,1,0,0,0,0,0,0,9.00,1.50
Jose Leclerc,TEX,26,2,0,0,0,2.0,2,1,3,2,0,0,0,1,0,0,4.50,2.00
Reggie McClain,PHI,27,2,0,0,0,2.0,2,1,0,1,1,0,0,0,0,0,4.50,1.50
Jimmy Lambert,CWS,25,2,0,0,0,2.0,2,0,2,0,0,0,0,0,0,0,0.00,1.00
Zack Burdi,CWS,25,2,0,0,0,2.0,1,0,2,0,0,0,0,0,0,0,0.00,0.50
Cole Irvin,PHI,26,2,0,0,0,2.0,7,4,1,0,0,0,1,0,0,0,18.00,3.50
Carlos Sanabria,HOU,23,2,0,0,0,2.0,3,2,2,3,1,0,0,0,0,0,9.00,3.00
Foster Griffin,KC,25,1,0,0,0,1.2,0,0,1,0,0,1,0,0,0,0,0.00,0.00
Ben Heller,NYY,29,2,0,0,0,1.2,1,1,0,0,1,0,0,0,0,0,5.40,0.60
Jose De Leon,CIN,28,1,0,0,0,1.2,4,8,3,4,0,0,0,0,0,0,43.20,4.80
Jose Rodriguez,LAA,24,1,0,0,0,1.2,2,0,0,1,0,0,0,0,0,0,0.00,1.80
Shohei Ohtani,LAA,26,14,2,0,0,1.2,3,7,3,8,0,0,1,0,0,0,37.80,6.60
James Norwood,CHC,26,3,0,0,0,1.2,4,3,0,1,0,0,0,0,0,0,16.20,3.00
Bryse Wilson,ATL,22,1,0,0,0,1.2,1,2,2,4,1,0,0,0,0,0,10.80,3.00
Ramon Rosso,PHI,24,2,0,0,0,1.2,1,1,1,2,0,0,0,0,0,0,5.40,1.80
Michael Feliz,PIT,27,3,0,0,0,1.2,4,6,2,2,1,0,0,0,0,0,32.40,3.60
James Pazos,COL,29,2,0,0,0,1.2,4,5,1,2,0,0,0,0,0,0,27.00,3.60
Ken Giles,TOR,29,2,0,0,0,1.2,1,2,3,4,0,0,0,1,0,1,10.80,3.00
Wade Miley,CIN,33,1,1,0,0,1.2,4,5,3,2,0,0,1,0,0,0,27.00,3.60
Richard Bleier,MIA,33,3,0,0,0,1.2,1,0,1,1,0,0,0,0,0,3,0.00,1.20
Andrew Miller,STL,35,2,0,0,0,1.2,3,1,1,1,0,0,0,0,0,0,5.40,2.40
Shun Yamaguchi,TOR,33,3,0,0,0,1.2,3,4,2,4,0,0,2,0,1,0,21.60,4.20
Will Harris,WAS,35,2,0,0,0,1.1,3,1,2,2,1,0,0,0,1,0,6.75,3.75
Robert Stock,BOS,30,1,0,0,0,1.1,2,0,3,3,0,0,0,0,0,0,0.00,3.75
Brandon Brennan,SEA,29,1,0,0,0,1.1,2,1,0,2,0,0,0,0,0,0,6.75,3.00
Clay Holmes,PIT,27,1,0,0,0,1.1,2,0,1,0,0,0,0,0,0,0,0.00,1.50
Dany Jimenez,SF,26,2,0,0,0,1.1,1,1,1,3,0,0,0,0,0,0,6.75,3.00
Brooks Kriske,NYY,26,2,0,0,0,1.1,1,1,2,3,0,0,0,0,0,0,6.75,3.00
James Bourque,WAS,27,2,0,0,0,1.1,1,0,0,1,0,0,0,0,0,0,0.00,1.50
Drew Anderson,CWS,26,1,0,0,0,1.1,4,6,2,2,2,0,1,0,0,0,40.50,4.50
Brady Lail,CWS,27,1,0,0,0,1.1,2,0,1,0,0,0,0,0,0,0,0.00,1.50
Albert Abreu,NYY,24,1,0,0,0,1.1,3,2,2,2,0,0,0,0,0,0,13.50,3.75
Victor Gonzalez,LAD,24,1,0,0,0,1.0,3,1,1,0,0,0,0,0,0,0,9.00,3.00
Joe Harvey,COL,28,1,0,0,0,1.0,1,0,1,0,0,0,0,0,0,0,0.00,1.00
Taylor Hearn,TEX,25,1,0,0,0,1.0,1,2,1,1,0,0,0,0,0,0,18.00,2.00
Brad Wieck,CHC,28,1,0,0,0,1.0,1,2,2,1,1,0,0,0,0,0,18.00,2.00
Anthony Castro,DET,25,1,0,0,0,1.0,1,2,1,1,1,0,0,0,0,0,18.00,2.00
Junior Fernandez,STL,23,1,0,0,0,1.0,0,0,1,0,0,0,0,0,0,0,0.00,0.00
J.P. Feyereisen,MIL,27,1,0,0,0,1.0,1,1,1,0,1,0,0,0,0,0,9.00,1.00
Jeff Brigham,MIA,28,1,0,0,0,1.0,2,1,0,0,0,0,0,0,0,0,9.00,2.00
Jorge Guzman,MIA,24,1,0,0,0,1.0,2,2,0,1,2,0,0,0,0,0,18.00,3.00
Richard Lovelady,KC,25,1,0,0,0,1.0,1,1,0,1,1,0,0,0,0,0,9.00,2.00
Joel Kuhnel,CIN,25,1,0,0,0,1.0,2,2,1,0,2,0,0,0,0,0,18.00,2.00
Nick Mears,PIT,23,1,0,0,0,1.0,1,1,2,3,0,0,0,0,0,0,9.00,4.00
Sam Gaviglio,TOR,30,2,0,0,0,1.0,3,3,1,3,0,0,1,0,0,0,27.00,6.00
Robert Gsellman,NYM,27,1,0,0,0,1.0,1,0,2,0,0,0,0,0,0,1,0.00,1.00
Dillon Maples,CHC,28,2,0,0,0,1.0,1,2,1,4,0,0,0,0,0,0,18.00,5.00
Jarlin Garcia,SF,27,1,0,0,0,1.0,1,0,0,2,0,0,0,0,0,0,0.00,3.00
Kyle Crick,PIT,27,2,0,0,0,1.0,3,0,2,1,0,0,0,0,1,0,0.00,4.00
Ryne Stanek,MIA,29,1,0,0,0,1.0,3,3,1,1,1,0,0,0,0,0,27.00,4.00
Luke Bard,LAA,29,1,0,0,0,1.0,2,0,1,0,0,0,0,0,0,0,0.00,2.00
Tommy Kahnle,NYY,31,1,0,0,0,1.0,1,0,3,1,0,0,0,0,0,1,0.00,2.00
Brian Moran,TOR,31,2,0,0,0,1.0,1,0,1,0,0,0,0,0,1,0,0.00,1.00
Kwang-Hyun Kim,STL,32,1,0,0,0,1.0,2,1,0,0,0,0,0,1,0,0,9.00,2.00
Pat Venditte,MIA,35,1,0,0,0,1.0,0,0,0,0,0,0,0,0,0,0,0.00,0.00
Corey Kluber,TEX,34,1,1,0,0,1.0,0,0,1,1,0,0,0,0,0,0,0.00,1.00
Jorge Lopez,KC,27,1,0,0,0,0.2,3,2,0,0,0,0,0,0,0,0,27.00,4.50
Joe Biagini,HOU,30,1,0,0,0,0.2,2,1,1,0,0,0,0,0,0,0,13.50,3.00
Alex Vesia,MIA,24,1,0,0,0,0.2,1,2,1,1,1,0,1,0,0,0,27.00,3.00
Giovanny Gallegos,STL,28,1,0,0,0,0.2,0,0,0,0,0,0,0,0,0,0,0.00,0.00
Reynaldo Lopez,CWS,26,1,1,0,0,0.2,3,4,0,2,1,0,1,0,0,0,54.00,7.50
David McKay,DET,25,1,0,0,0,0.1,1,2,0,1,1,0,0,0,0,0,54.00,6.00
Jeremy Beasley,ARI,24,1,0,0,0,0.1,2,0,1,0,0,0,0,0,0,0,0.00,6.00
Cody Carroll,BAL,27,2,0,0,0,0.1,3,6,1,4,0,0,0,0,0,0,162.00,21.00
Jordan Holloway,MIA,24,1,0,0,0,0.1,2,0,0,1,0,0,0,0,0,0,0.00,9.00
Robert Stephenson,CIN,27,1,0,0,0,0.1,2,2,1,0,1,0,0,0,0,1,54.00,6.00
Andrew Triggs,SF,31,1,0,0,0,0.1,0,3,0,3,0,0,1,0,0,0,81.00,9.00
Will Smith,ATL,31,1,0,0,0,0.1,0,0,0,1,0,0,0,0,0,0,0.00,3.00
Brooks Raley,HOU,32,1,0,0,0,0.1,0,0,0,0,0,0,0,0,0,0,0.00,0.00